,pct_sum,pct_cur,name,industry
601860.SH,103.679704432322,"Series([], Name: pct_sum, dtype: float64)",紫金银行,银行
600928.SH,67.82076999483317,"Series([], Name: pct_sum, dtype: float64)",西安银行,银行
601577.SH,43.725519388703546,"Series([], Name: pct_sum, dtype: float64)",长沙银行,银行
601128.SH,38.810276305674236,"Series([], Name: pct_sum, dtype: float64)",常熟银行,银行
002936.SZ,38.190610843400464,"Series([], Name: pct_sum, dtype: float64)",郑州银行,银行
603323.SH,37.88277729685356,"Series([], Name: pct_sum, dtype: float64)",苏农银行,银行
002839.SZ,37.06433991804018,"Series([], Name: pct_sum, dtype: float64)",张家港行,银行
002948.SZ,36.96406075104173,"Series([], Name: pct_sum, dtype: float64)",青岛银行,银行
000001.SZ,36.34051062803563,"Series([], Name: pct_sum, dtype: float64)",平安银行,银行
002807.SZ,32.326995122265664,"Series([], Name: pct_sum, dtype: float64)",江阴银行,银行
600748.SH,65.51154431683699,"Series([], Name: pct_sum, dtype: float64)",上实发展,全国地产
000046.SZ,48.16984147358605,"Series([], Name: pct_sum, dtype: float64)",泛海控股,全国地产
000616.SZ,47.09799317423912,"Series([], Name: pct_sum, dtype: float64)",海航投资,全国地产
600393.SH,46.39406670878953,"Series([], Name: pct_sum, dtype: float64)",粤泰股份,全国地产
600240.SH,45.59399882951659,"Series([], Name: pct_sum, dtype: float64)",华业资本,全国地产
600565.SH,44.613767694958725,"Series([], Name: pct_sum, dtype: float64)",迪马股份,全国地产
600708.SH,42.55349110889905,"Series([], Name: pct_sum, dtype: float64)",光明地产,全国地产
600208.SH,40.00319187675664,"Series([], Name: pct_sum, dtype: float64)",新湖中宝,全国地产
600383.SH,39.11516695495004,"Series([], Name: pct_sum, dtype: float64)",金地集团,全国地产
000036.SZ,37.81337524737335,"Series([], Name: pct_sum, dtype: float64)",华联控股,全国地产
300119.SZ,65.72814641572889,"Series([], Name: pct_sum, dtype: float64)",瑞普生物,生物制药
000661.SZ,62.26611407936698,"Series([], Name: pct_sum, dtype: float64)",长春高新,生物制药
000806.SZ,61.75765709309006,"Series([], Name: pct_sum, dtype: float64)",ST银河,生物制药
300255.SZ,60.739893993490405,"Series([], Name: pct_sum, dtype: float64)",常山药业,生物制药
000078.SZ,53.21247411298176,"Series([], Name: pct_sum, dtype: float64)",海王生物,生物制药
300406.SZ,47.85127199274197,"Series([], Name: pct_sum, dtype: float64)",九强生物,生物制药
000518.SZ,45.75784702950506,"Series([], Name: pct_sum, dtype: float64)",四环生物,生物制药
300601.SZ,45.602044054756874,"Series([], Name: pct_sum, dtype: float64)",康泰生物,生物制药
002007.SZ,42.50606008892228,"Series([], Name: pct_sum, dtype: float64)",华兰生物,生物制药
002332.SZ,41.27499114825574,"Series([], Name: pct_sum, dtype: float64)",仙琚制药,生物制药
300332.SZ,69.73925999900857,"Series([], Name: pct_sum, dtype: float64)",天壕环境,环境保护
002034.SZ,56.583821596288594,"Series([], Name: pct_sum, dtype: float64)",旺能环境,环境保护
300262.SZ,51.79189350420433,"Series([], Name: pct_sum, dtype: float64)",巴安水务,环境保护
603822.SH,47.43896934932884,"Series([], Name: pct_sum, dtype: float64)",嘉澳环保,环境保护
603126.SH,46.15809712208116,"Series([], Name: pct_sum, dtype: float64)",中材节能,环境保护
000820.SZ,44.48242398270554,"Series([], Name: pct_sum, dtype: float64)",神雾节能,环境保护
002887.SZ,43.20687372855473,"Series([], Name: pct_sum, dtype: float64)",绿茵生态,环境保护
000826.SZ,42.94433260015954,"Series([], Name: pct_sum, dtype: float64)",启迪桑德,环境保护
600481.SH,42.43209131696648,"Series([], Name: pct_sum, dtype: float64)",双良节能,环境保护
000005.SZ,41.73358640543711,"Series([], Name: pct_sum, dtype: float64)",世纪星源,环境保护
002077.SZ,83.7525096466325,"Series([], Name: pct_sum, dtype: float64)",大港股份,区域地产
600094.SH,66.88986029204159,"Series([], Name: pct_sum, dtype: float64)",大名城,区域地产
601155.SH,62.58993657489347,"Series([], Name: pct_sum, dtype: float64)",新城控股,区域地产
600716.SH,56.708883656020326,"Series([], Name: pct_sum, dtype: float64)",凤凰股份,区域地产
000671.SZ,53.67855922631282,"Series([], Name: pct_sum, dtype: float64)",阳光城,区域地产
600503.SH,52.970996079830826,"Series([], Name: pct_sum, dtype: float64)",华丽家族,区域地产
002208.SZ,51.64029372857279,"Series([], Name: pct_sum, dtype: float64)",合肥城建,区域地产
600622.SH,48.957646704108406,"Series([], Name: pct_sum, dtype: float64)",光大嘉宝,区域地产
600649.SH,47.89147737703199,"Series([], Name: pct_sum, dtype: float64)",城投控股,区域地产
000838.SZ,45.093234768887896,"Series([], Name: pct_sum, dtype: float64)",财信发展,区域地产
000721.SZ,46.57934861970381,"Series([], Name: pct_sum, dtype: float64)",西安饮食,酒店餐饮
600258.SH,37.24181276526971,"Series([], Name: pct_sum, dtype: float64)",首旅酒店,酒店餐饮
000428.SZ,36.97543296950513,"Series([], Name: pct_sum, dtype: float64)",华天酒店,酒店餐饮
002306.SZ,34.884693313139266,"Series([], Name: pct_sum, dtype: float64)",*ST云网,酒店餐饮
600754.SH,33.87279170119258,"Series([], Name: pct_sum, dtype: float64)",锦江股份,酒店餐饮
601007.SH,27.405763302352135,"Series([], Name: pct_sum, dtype: float64)",金陵饭店,酒店餐饮
000524.SZ,23.914532071643826,"Series([], Name: pct_sum, dtype: float64)",岭南控股,酒店餐饮
002186.SZ,17.106522533268055,"Series([], Name: pct_sum, dtype: float64)",全聚德,酒店餐饮
000007.SZ,7.030563889760246,"Series([], Name: pct_sum, dtype: float64)",全新好,酒店餐饮
002689.SZ,75.2699536957827,"Series([], Name: pct_sum, dtype: float64)",远大智能,运输设备
002367.SZ,60.483581361512954,"Series([], Name: pct_sum, dtype: float64)",康力电梯,运输设备
603111.SH,50.30238350826131,"Series([], Name: pct_sum, dtype: float64)",康尼机电,运输设备
603321.SH,44.333406849477186,"Series([], Name: pct_sum, dtype: float64)",梅轮电梯,运输设备
603611.SH,37.87874305596087,"Series([], Name: pct_sum, dtype: float64)",诺力股份,运输设备
002774.SZ,37.04104495589304,"Series([], Name: pct_sum, dtype: float64)",快意电梯,运输设备
600894.SH,36.21411169505982,"Series([], Name: pct_sum, dtype: float64)",广日股份,运输设备
603500.SH,35.924007465129186,"Series([], Name: pct_sum, dtype: float64)",祥和实业,运输设备
600495.SH,34.140671502258584,"Series([], Name: pct_sum, dtype: float64)",晋西车轴,运输设备
300011.SZ,32.83311375145947,"Series([], Name: pct_sum, dtype: float64)",鼎汉技术,运输设备
600624.SH,94.94583419570952,"Series([], Name: pct_sum, dtype: float64)",复旦复华,综合类
000839.SZ,79.23154364992335,"Series([], Name: pct_sum, dtype: float64)",中信国安,综合类
600614.SH,69.21650350880147,"Series([], Name: pct_sum, dtype: float64)",鹏起科技,综合类
600800.SH,68.25904672503836,"Series([], Name: pct_sum, dtype: float64)",天津磁卡,综合类
000009.SZ,59.0584470516653,"Series([], Name: pct_sum, dtype: float64)",中国宝安,综合类
600620.SH,55.80173896519987,"Series([], Name: pct_sum, dtype: float64)",天宸股份,综合类
600770.SH,49.56832210052233,"Series([], Name: pct_sum, dtype: float64)",综艺股份,综合类
600730.SH,49.05128306727958,"Series([], Name: pct_sum, dtype: float64)",中国高科,综合类
600777.SH,44.6413443428206,"Series([], Name: pct_sum, dtype: float64)",新潮能源,综合类
600846.SH,44.02882282919741,"Series([], Name: pct_sum, dtype: float64)",同济科技,综合类
300536.SZ,100.6088608997735,"Series([], Name: pct_sum, dtype: float64)",农尚环境,建筑施工
600610.SH,97.130479610088,"Series([], Name: pct_sum, dtype: float64)",*ST毅达,建筑施工
002949.SZ,87.44660500168396,"Series([], Name: pct_sum, dtype: float64)",华阳国际,建筑施工
002941.SZ,66.46414700297035,"Series([], Name: pct_sum, dtype: float64)",新疆交建,建筑施工
002307.SZ,64.18012562812999,"Series([], Name: pct_sum, dtype: float64)",北新路桥,建筑施工
600284.SH,61.45829003118273,"Series([], Name: pct_sum, dtype: float64)",浦东建设,建筑施工
603017.SH,59.99868353737692,"Series([], Name: pct_sum, dtype: float64)",中衡设计,建筑施工
601789.SH,59.473945496568064,"Series([], Name: pct_sum, dtype: float64)",宁波建工,建筑施工
000961.SZ,56.352171244160836,"Series([], Name: pct_sum, dtype: float64)",中南建设,建筑施工
601068.SH,52.74291436641382,"Series([], Name: pct_sum, dtype: float64)",中铝国际,建筑施工
601865.SH,188.3584787488595,"Series([], Name: pct_sum, dtype: float64)",福莱特,玻璃
600552.SH,74.07885700517885,"Series([], Name: pct_sum, dtype: float64)",凯盛科技,玻璃
000012.SZ,42.23605235710988,"Series([], Name: pct_sum, dtype: float64)",南玻A,玻璃
600819.SH,39.24900497814648,"Series([], Name: pct_sum, dtype: float64)",耀皮玻璃,玻璃
300160.SZ,38.82690189004775,"Series([], Name: pct_sum, dtype: float64)",秀强股份,玻璃
300395.SZ,34.37592357506739,"Series([], Name: pct_sum, dtype: float64)",菲利华,玻璃
600293.SH,33.90086923148934,"Series([], Name: pct_sum, dtype: float64)",三峡新材,玻璃
002201.SZ,31.268730976785175,"Series([], Name: pct_sum, dtype: float64)",九鼎新材,玻璃
603021.SH,29.11772701655022,"Series([], Name: pct_sum, dtype: float64)",山东华鹏,玻璃
603578.SH,28.31567646023139,"Series([], Name: pct_sum, dtype: float64)",三星新材,玻璃
000810.SZ,84.25571595394211,"Series([], Name: pct_sum, dtype: float64)",创维数字,家用电器
000921.SZ,69.42555927376263,"Series([], Name: pct_sum, dtype: float64)",海信家电,家用电器
002429.SZ,69.12503605295373,"Series([], Name: pct_sum, dtype: float64)",兆驰股份,家用电器
002473.SZ,66.31977318976936,"Series([], Name: pct_sum, dtype: float64)",圣莱达,家用电器
000016.SZ,65.09655118346488,"Series([], Name: pct_sum, dtype: float64)",深康佳A,家用电器
600839.SH,61.79950874804885,"Series([], Name: pct_sum, dtype: float64)",四川长虹,家用电器
000100.SZ,60.8804678047262,"Series([], Name: pct_sum, dtype: float64)",TCL集团,家用电器
603996.SH,51.06995740161087,"Series([], Name: pct_sum, dtype: float64)",中新科技,家用电器
002668.SZ,50.77626049567643,"Series([], Name: pct_sum, dtype: float64)",奥马电器,家用电器
002681.SZ,49.73060878911799,"Series([], Name: pct_sum, dtype: float64)",奋达科技,家用电器
300043.SZ,83.53704903461066,"Series([], Name: pct_sum, dtype: float64)",星辉娱乐,文教休闲
600818.SH,64.84476976999792,"Series([], Name: pct_sum, dtype: float64)",中路股份,文教休闲
600679.SH,61.8525863722774,"Series([], Name: pct_sum, dtype: float64)",上海凤凰,文教休闲
000558.SZ,58.40390230248838,"Series([], Name: pct_sum, dtype: float64)",莱茵体育,文教休闲
002607.SZ,55.920658458050234,"Series([], Name: pct_sum, dtype: float64)",中公教育,文教休闲
002605.SZ,47.391077200919355,"Series([], Name: pct_sum, dtype: float64)",姚记扑克,文教休闲
002862.SZ,47.11072177465915,"Series([], Name: pct_sum, dtype: float64)",实丰文化,文教休闲
000526.SZ,45.772864800996835,"Series([], Name: pct_sum, dtype: float64)",紫光学大,文教休闲
300081.SZ,45.44056922773132,"Series([], Name: pct_sum, dtype: float64)",恒信东方,文教休闲
600158.SH,40.9509387622094,"Series([], Name: pct_sum, dtype: float64)",中体产业,文教休闲
000018.SZ,44.08214151146211,"Series([], Name: pct_sum, dtype: float64)",神州长城,装修装饰
603030.SH,42.76283516057414,"Series([], Name: pct_sum, dtype: float64)",全筑股份,装修装饰
002081.SZ,40.64533122093337,"Series([], Name: pct_sum, dtype: float64)",金螳螂,装修装饰
002504.SZ,39.83857482814638,"Series([], Name: pct_sum, dtype: float64)",弘高创意,装修装饰
603828.SH,38.85965958323821,"Series([], Name: pct_sum, dtype: float64)",柯利达,装修装饰
002325.SZ,33.68760140615837,"Series([], Name: pct_sum, dtype: float64)",洪涛股份,装修装饰
002375.SZ,32.40625738810531,"Series([], Name: pct_sum, dtype: float64)",亚厦股份,装修装饰
002713.SZ,31.877795397872756,"Series([], Name: pct_sum, dtype: float64)",东易日盛,装修装饰
601886.SH,30.2043226637067,"Series([], Name: pct_sum, dtype: float64)",江河集团,装修装饰
603929.SH,30.088807242564304,"Series([], Name: pct_sum, dtype: float64)",亚翔集成,装修装饰
002356.SZ,106.1376801535636,"Series([], Name: pct_sum, dtype: float64)",赫美集团,其他商业
300755.SZ,50.29013701954422,"Series([], Name: pct_sum, dtype: float64)",华致酒行,其他商业
002780.SZ,49.35936681815611,"Series([], Name: pct_sum, dtype: float64)",三夫户外,其他商业
600122.SH,39.20778226072746,"Series([], Name: pct_sum, dtype: float64)",宏图高科,其他商业
000829.SZ,29.67733915409726,"Series([], Name: pct_sum, dtype: float64)",天音控股,其他商业
002556.SZ,28.647758815052313,"Series([], Name: pct_sum, dtype: float64)",辉隆股份,其他商业
601828.SH,26.300837428867162,"Series([], Name: pct_sum, dtype: float64)",美凯龙,其他商业
000026.SZ,25.109291794875972,"Series([], Name: pct_sum, dtype: float64)",飞亚达A,其他商业
300622.SZ,22.523417159044445,"Series([], Name: pct_sum, dtype: float64)",博士眼镜,其他商业
000019.SZ,21.483217758169324,"Series([], Name: pct_sum, dtype: float64)",深粮控股,其他商业
002600.SZ,124.70491179847353,"Series([], Name: pct_sum, dtype: float64)",领益智造,元器件
000536.SZ,96.64475872735815,"Series([], Name: pct_sum, dtype: float64)",华映科技,元器件
000727.SZ,93.08541927305676,"Series([], Name: pct_sum, dtype: float64)",华东科技,元器件
300220.SZ,91.53143679213892,"Series([], Name: pct_sum, dtype: float64)",金运激光,元器件
002189.SZ,87.02382625781027,"Series([], Name: pct_sum, dtype: float64)",利达光电,元器件
000670.SZ,86.76109294277718,"Series([], Name: pct_sum, dtype: float64)",ST盈方,元器件
002947.SZ,82.20433391993629,"Series([], Name: pct_sum, dtype: float64)",恒铭达,元器件
603186.SH,79.43775066090888,"Series([], Name: pct_sum, dtype: float64)",华正新材,元器件
000050.SZ,76.73366986742339,"Series([], Name: pct_sum, dtype: float64)",深天马A,元器件
300139.SZ,71.06174562258992,"Series([], Name: pct_sum, dtype: float64)",晓程科技,元器件
000066.SZ,81.91933450852171,"Series([], Name: pct_sum, dtype: float64)",中国长城,电脑设备
000021.SZ,68.15809660568098,"Series([], Name: pct_sum, dtype: float64)",深科技,电脑设备
603019.SH,64.0104494590473,"Series([], Name: pct_sum, dtype: float64)",中科曙光,电脑设备
000977.SZ,63.64979891902485,"Series([], Name: pct_sum, dtype: float64)",浪潮信息,电脑设备
300042.SZ,57.26851257920148,"Series([], Name: pct_sum, dtype: float64)",朗科科技,电脑设备
600601.SH,54.266636744060264,"Series([], Name: pct_sum, dtype: float64)",方正科技,电脑设备
300130.SZ,53.69889715149969,"Series([], Name: pct_sum, dtype: float64)",新国都,电脑设备
002177.SZ,51.544351841294784,"Series([], Name: pct_sum, dtype: float64)",御银股份,电脑设备
300367.SZ,51.29007597106255,"Series([], Name: pct_sum, dtype: float64)",东方网力,电脑设备
300449.SZ,48.90029983435262,"Series([], Name: pct_sum, dtype: float64)",汉邦高科,电脑设备
600321.SH,64.50080819616535,"Series([], Name: pct_sum, dtype: float64)",*ST正源,其他建材
002596.SZ,64.10024375533106,"Series([], Name: pct_sum, dtype: float64)",海南瑞泽,其他建材
000055.SZ,63.818596057599684,"Series([], Name: pct_sum, dtype: float64)",方大集团,其他建材
002271.SZ,54.39989200514762,"Series([], Name: pct_sum, dtype: float64)",东方雨虹,其他建材
002205.SZ,45.81034743913643,"Series([], Name: pct_sum, dtype: float64)",国统股份,其他建材
000786.SZ,42.552586382180806,"Series([], Name: pct_sum, dtype: float64)",北新建材,其他建材
002398.SZ,41.700603420569195,"Series([], Name: pct_sum, dtype: float64)",建研集团,其他建材
002671.SZ,40.18676025107233,"Series([], Name: pct_sum, dtype: float64)",龙泉股份,其他建材
000023.SZ,38.14242901672412,"Series([], Name: pct_sum, dtype: float64)",深天地A,其他建材
300715.SZ,36.12265341613224,"Series([], Name: pct_sum, dtype: float64)",凯伦股份,其他建材
000996.SZ,62.2222750498692,"Series([], Name: pct_sum, dtype: float64)",中国中期,汽车服务
601258.SH,41.64336578495804,"Series([], Name: pct_sum, dtype: float64)",庞大集团,汽车服务
600653.SH,41.56700503579401,"Series([], Name: pct_sum, dtype: float64)",申华控股,汽车服务
000025.SZ,38.66827966806206,"Series([], Name: pct_sum, dtype: float64)",特力A,汽车服务
600297.SH,28.166451396005357,"Series([], Name: pct_sum, dtype: float64)",广汇汽车,汽车服务
603377.SH,24.290404769070605,"Series([], Name: pct_sum, dtype: float64)",东方时尚,汽车服务
300100.SZ,24.168025207448068,"Series([], Name: pct_sum, dtype: float64)",双林股份,汽车服务
000753.SZ,22.425975173782657,"Series([], Name: pct_sum, dtype: float64)",漳州发展,汽车服务
601965.SH,18.122776424593038,"Series([], Name: pct_sum, dtype: float64)",中国汽研,汽车服务
000037.SZ,118.83295745828188,"Series([], Name: pct_sum, dtype: float64)",深南电A,火力发电
600509.SH,60.106912579419614,"Series([], Name: pct_sum, dtype: float64)",天富能源,火力发电
000531.SZ,55.27124309501575,"Series([], Name: pct_sum, dtype: float64)",穗恒运A,火力发电
000958.SZ,53.126021043273155,"Series([], Name: pct_sum, dtype: float64)",东方能源,火力发电
000720.SZ,51.457675099425465,"Series([], Name: pct_sum, dtype: float64)",*ST新能,火力发电
000600.SZ,48.85530614847017,"Series([], Name: pct_sum, dtype: float64)",建投能源,火力发电
600744.SH,45.761474168726025,"Series([], Name: pct_sum, dtype: float64)",华银电力,火力发电
600396.SH,43.25149546050858,"Series([], Name: pct_sum, dtype: float64)",金山股份,火力发电
002608.SZ,34.20530421995214,"Series([], Name: pct_sum, dtype: float64)",江苏国信,火力发电
000875.SZ,31.699693826449955,"Series([], Name: pct_sum, dtype: float64)",吉电股份,火力发电
603108.SH,54.716508383605415,"Series([], Name: pct_sum, dtype: float64)",润达医疗,医药商业
002727.SZ,48.618061665826495,"Series([], Name: pct_sum, dtype: float64)",一心堂,医药商业
002758.SZ,44.2562309903827,"Series([], Name: pct_sum, dtype: float64)",华通医药,医药商业
600538.SH,41.294446076010644,"Series([], Name: pct_sum, dtype: float64)",国发股份,医药商业
002589.SZ,38.5441101923826,"Series([], Name: pct_sum, dtype: float64)",瑞康医药,医药商业
603939.SH,37.471385781605136,"Series([], Name: pct_sum, dtype: float64)",益丰药房,医药商业
603883.SH,36.966262164946684,"Series([], Name: pct_sum, dtype: float64)",老百姓,医药商业
601607.SH,35.9011102715179,"Series([], Name: pct_sum, dtype: float64)",上海医药,医药商业
600829.SH,33.02400709363545,"Series([], Name: pct_sum, dtype: float64)",人民同泰,医药商业
600056.SH,31.96890134078448,"Series([], Name: pct_sum, dtype: float64)",中国医药,医药商业
603121.SH,83.30603368729992,"Series([], Name: pct_sum, dtype: float64)",华培动力,汽车配件
603006.SH,76.01083851788482,"Series([], Name: pct_sum, dtype: float64)",联明股份,汽车配件
002488.SZ,67.98900911843319,"Series([], Name: pct_sum, dtype: float64)",金固股份,汽车配件
603922.SH,59.110010883723604,"Series([], Name: pct_sum, dtype: float64)",金鸿顺,汽车配件
002765.SZ,56.68771907832692,"Series([], Name: pct_sum, dtype: float64)",蓝黛传动,汽车配件
000981.SZ,55.727711898530565,"Series([], Name: pct_sum, dtype: float64)",银亿股份,汽车配件
002920.SZ,52.991477894222186,"Series([], Name: pct_sum, dtype: float64)",德赛西威,汽车配件
600501.SH,51.7002228772413,"Series([], Name: pct_sum, dtype: float64)",航天晨光,汽车配件
002265.SZ,49.55631059156155,"Series([], Name: pct_sum, dtype: float64)",西仪股份,汽车配件
601689.SH,49.15889248323246,"Series([], Name: pct_sum, dtype: float64)",拓普集团,汽车配件
002951.SZ,90.92439434753422,"Series([], Name: pct_sum, dtype: float64)",金时科技,广告包装
601515.SH,89.36285678064777,"Series([], Name: pct_sum, dtype: float64)",东风股份,广告包装
300612.SZ,73.72462606179704,"Series([], Name: pct_sum, dtype: float64)",宣亚国际,广告包装
603729.SH,68.08179084566044,"Series([], Name: pct_sum, dtype: float64)",龙韵股份,广告包装
002191.SZ,62.53848113794187,"Series([], Name: pct_sum, dtype: float64)",劲嘉股份,广告包装
002787.SZ,54.421303436754314,"Series([], Name: pct_sum, dtype: float64)",华源控股,广告包装
603429.SH,52.75526164062487,"Series([], Name: pct_sum, dtype: float64)",集友股份,广告包装
600836.SH,52.7001524839577,"Series([], Name: pct_sum, dtype: float64)",界龙实业,广告包装
603022.SH,50.965161307456,"Series([], Name: pct_sum, dtype: float64)",新通联,广告包装
002712.SZ,48.36705708414593,"Series([], Name: pct_sum, dtype: float64)",思美传媒,广告包装
300195.SZ,47.901243596703154,"Series([], Name: pct_sum, dtype: float64)",长荣股份,轻工机械
000821.SZ,36.895367511148976,"Series([], Name: pct_sum, dtype: float64)",京山轻机,轻工机械
300173.SZ,36.1253720027709,"Series([], Name: pct_sum, dtype: float64)",智慧松德,轻工机械
002209.SZ,32.44596298698819,"Series([], Name: pct_sum, dtype: float64)",达意隆,轻工机械
002444.SZ,28.90116166166939,"Series([], Name: pct_sum, dtype: float64)",巨星科技,轻工机械
000039.SZ,28.71832800778691,"Series([], Name: pct_sum, dtype: float64)",中集集团,轻工机械
002282.SZ,28.380913680123655,"Series([], Name: pct_sum, dtype: float64)",博深工具,轻工机械
002611.SZ,23.226711156618784,"Series([], Name: pct_sum, dtype: float64)",东方精工,轻工机械
300442.SZ,21.15914402269162,"Series([], Name: pct_sum, dtype: float64)",普丽盛,轻工机械
300126.SZ,17.94365339101617,"Series([], Name: pct_sum, dtype: float64)",锐奇股份,轻工机械
000862.SZ,119.23583034937019,"Series([], Name: pct_sum, dtype: float64)",银星能源,新型电力
000591.SZ,42.208778460878676,"Series([], Name: pct_sum, dtype: float64)",太阳能,新型电力
601016.SH,41.19787544682637,"Series([], Name: pct_sum, dtype: float64)",节能风电,新型电力
600163.SH,38.24112468174701,"Series([], Name: pct_sum, dtype: float64)",中闽能源,新型电力
601619.SH,37.49188826321259,"Series([], Name: pct_sum, dtype: float64)",嘉泽新能,新型电力
603693.SH,29.480832476673754,"Series([], Name: pct_sum, dtype: float64)",江苏新能,新型电力
000040.SZ,27.069394235054094,"Series([], Name: pct_sum, dtype: float64)",东旭蓝天,新型电力
601985.SH,21.055080516275396,"Series([], Name: pct_sum, dtype: float64)",中国核电,新型电力
000939.SZ,15.728018538917297,"Series([], Name: pct_sum, dtype: float64)",*ST凯迪,新型电力
000560.SZ,52.01736921534113,"Series([], Name: pct_sum, dtype: float64)",我爱我家,房产服务
002285.SZ,33.89172033987282,"Series([], Name: pct_sum, dtype: float64)",世联行,房产服务
600692.SH,26.176283059175592,"Series([], Name: pct_sum, dtype: float64)",亚通股份,房产服务
000861.SZ,25.80504765494747,"Series([], Name: pct_sum, dtype: float64)",海印股份,房产服务
000056.SZ,25.332317923094923,"Series([], Name: pct_sum, dtype: float64)",皇庭国际,房产服务
002818.SZ,23.45886530577144,"Series([], Name: pct_sum, dtype: float64)",富森美,房产服务
603506.SH,23.44473243050444,"Series([], Name: pct_sum, dtype: float64)",南都物业,房产服务
000043.SZ,23.246314050919562,"Series([], Name: pct_sum, dtype: float64)",中航善达,房产服务
600156.SH,81.28689017724204,"Series([], Name: pct_sum, dtype: float64)",华升股份,纺织
002674.SZ,69.20309676815847,"Series([], Name: pct_sum, dtype: float64)",兴业科技,纺织
600232.SH,64.4823249956253,"Series([], Name: pct_sum, dtype: float64)",金鹰股份,纺织
000850.SZ,56.05218483849553,"Series([], Name: pct_sum, dtype: float64)",华茂股份,纺织
600220.SH,54.42701887083728,"Series([], Name: pct_sum, dtype: float64)",江苏阳光,纺织
600070.SH,49.74751437633821,"Series([], Name: pct_sum, dtype: float64)",浙江富润,纺织
600448.SH,49.034922209691864,"Series([], Name: pct_sum, dtype: float64)",华纺股份,纺织
000955.SZ,47.82324107511336,"Series([], Name: pct_sum, dtype: float64)",欣龙控股,纺织
600630.SH,44.28921230375303,"Series([], Name: pct_sum, dtype: float64)",龙头股份,纺织
000045.SZ,44.021277386652955,"Series([], Name: pct_sum, dtype: float64)",深纺织A,纺织
002157.SZ,132.9453501662788,"Series([], Name: pct_sum, dtype: float64)",正邦科技,饲料
002124.SZ,112.62382575032805,"Series([], Name: pct_sum, dtype: float64)",天邦股份,饲料
002567.SZ,96.38214800261437,"Series([], Name: pct_sum, dtype: float64)",唐人神,饲料
002100.SZ,88.83109483814246,"Series([], Name: pct_sum, dtype: float64)",天康生物,饲料
603363.SH,70.06484284620335,"Series([], Name: pct_sum, dtype: float64)",傲农生物,饲料
000876.SZ,67.85175070815573,"Series([], Name: pct_sum, dtype: float64)",新希望,饲料
002385.SZ,63.60221537467467,"Series([], Name: pct_sum, dtype: float64)",大北农,饲料
002548.SZ,62.05349477094627,"Series([], Name: pct_sum, dtype: float64)",金新农,饲料
603609.SH,52.208396342234565,"Series([], Name: pct_sum, dtype: float64)",禾丰牧业,饲料
600438.SH,49.78864402757442,"Series([], Name: pct_sum, dtype: float64)",通威股份,饲料
601700.SH,107.19852876093844,"Series([], Name: pct_sum, dtype: float64)",风范股份,电气设备
002733.SZ,102.20007257147135,"Series([], Name: pct_sum, dtype: float64)",雄韬股份,电气设备
000682.SZ,85.22002665099714,"Series([], Name: pct_sum, dtype: float64)",东方电子,电气设备
600268.SH,82.22496141103206,"Series([], Name: pct_sum, dtype: float64)",国电南自,电气设备
300356.SZ,76.1024189949618,"Series([], Name: pct_sum, dtype: float64)",光一科技,电气设备
300125.SZ,74.87195690807542,"Series([], Name: pct_sum, dtype: float64)",易世达,电气设备
002892.SZ,71.9421577333144,"Series([], Name: pct_sum, dtype: float64)",科力尔,电气设备
601311.SH,70.36683630495554,"Series([], Name: pct_sum, dtype: float64)",骆驼股份,电气设备
603583.SH,68.53165190778776,"Series([], Name: pct_sum, dtype: float64)",捷昌驱动,电气设备
600290.SH,68.06444397522601,"Series([], Name: pct_sum, dtype: float64)",华仪电气,电气设备
002377.SZ,59.46510619559811,"Series([], Name: pct_sum, dtype: float64)",国创高新,石油加工
000637.SZ,38.48708676520377,"Series([], Name: pct_sum, dtype: float64)",茂化实华,石油加工
600339.SH,33.03766296448073,"Series([], Name: pct_sum, dtype: float64)",中油工程,石油加工
000819.SZ,26.214659298684566,"Series([], Name: pct_sum, dtype: float64)",岳阳兴长,石油加工
603798.SH,25.747093750965583,"Series([], Name: pct_sum, dtype: float64)",康普顿,石油加工
000059.SZ,23.991819750497974,"Series([], Name: pct_sum, dtype: float64)",华锦股份,石油加工
002778.SZ,21.249752529539933,"Series([], Name: pct_sum, dtype: float64)",高科石化,石油加工
600028.SH,20.48822499206924,"Series([], Name: pct_sum, dtype: float64)",中国石化,石油加工
600688.SH,12.529564109103797,"Series([], Name: pct_sum, dtype: float64)",上海石化,石油加工
600331.SH,83.16864832484251,"Series([], Name: pct_sum, dtype: float64)",宏达股份,铅锌
600531.SH,60.334371822329025,"Series([], Name: pct_sum, dtype: float64)",豫光金铅,铅锌
000426.SZ,39.75732121911474,"Series([], Name: pct_sum, dtype: float64)",兴业矿业,铅锌
000758.SZ,39.660346349134976,"Series([], Name: pct_sum, dtype: float64)",中色股份,铅锌
000751.SZ,39.348109847889276,"Series([], Name: pct_sum, dtype: float64)",锌业股份,铅锌
600497.SH,34.951000780930435,"Series([], Name: pct_sum, dtype: float64)",驰宏锌锗,铅锌
002114.SZ,34.5944186428856,"Series([], Name: pct_sum, dtype: float64)",罗平锌电,铅锌
601020.SH,34.28961472144845,"Series([], Name: pct_sum, dtype: float64)",华钰矿业,铅锌
000060.SZ,32.30383237805432,"Series([], Name: pct_sum, dtype: float64)",中金岭南,铅锌
600338.SH,30.211196918920525,"Series([], Name: pct_sum, dtype: float64)",西藏珠峰,铅锌
002234.SZ,127.88490160625045,"Series([], Name: pct_sum, dtype: float64)",民和股份,农业综合
002458.SZ,127.1625611287188,"Series([], Name: pct_sum, dtype: float64)",益生股份,农业综合
600975.SH,119.5728559008192,"Series([], Name: pct_sum, dtype: float64)",新五丰,农业综合
603739.SH,109.1650611519185,"Series([], Name: pct_sum, dtype: float64)",蔚蓝生物,农业综合
300761.SZ,87.16604772173822,"Series([], Name: pct_sum, dtype: float64)",立华股份,农业综合
002746.SZ,79.04137332259532,"Series([], Name: pct_sum, dtype: float64)",仙坛股份,农业综合
002714.SZ,77.41182465275972,"Series([], Name: pct_sum, dtype: float64)",牧原股份,农业综合
002477.SZ,77.40990145830285,"Series([], Name: pct_sum, dtype: float64)",雏鹰农牧,农业综合
002299.SZ,75.00036370775001,"Series([], Name: pct_sum, dtype: float64)",圣农发展,农业综合
002321.SZ,67.18055319569393,"Series([], Name: pct_sum, dtype: float64)",华英农业,农业综合
300538.SZ,68.6399076607451,"Series([], Name: pct_sum, dtype: float64)",同益股份,批发业
000652.SZ,60.27983531022654,"Series([], Name: pct_sum, dtype: float64)",泰达股份,批发业
000587.SZ,52.545196765704574,"Series([], Name: pct_sum, dtype: float64)",金洲慈航,批发业
002441.SZ,27.721145395049472,"Series([], Name: pct_sum, dtype: float64)",众业达,批发业
000062.SZ,27.04544869359829,"Series([], Name: pct_sum, dtype: float64)",深圳华强,批发业
000638.SZ,24.99700097789699,"Series([], Name: pct_sum, dtype: float64)",万方发展,批发业
600753.SH,24.25603685158606,"Series([], Name: pct_sum, dtype: float64)",东方银星,批发业
000906.SZ,22.35104553879325,"Series([], Name: pct_sum, dtype: float64)",浙商中拓,批发业
600776.SH,127.34248315493888,"Series([], Name: pct_sum, dtype: float64)",东方通信,通信设备
300762.SZ,101.0243482261212,"Series([], Name: pct_sum, dtype: float64)",上海瀚讯,通信设备
300397.SZ,97.5918223266438,"Series([], Name: pct_sum, dtype: float64)",天和防务,通信设备
300079.SZ,96.0819855939888,"Series([], Name: pct_sum, dtype: float64)",数码科技,通信设备
002017.SZ,88.3913075558353,"Series([], Name: pct_sum, dtype: float64)",东信和平,通信设备
000070.SZ,88.11845364086622,"Series([], Name: pct_sum, dtype: float64)",特发信息,通信设备
300638.SZ,83.42343833611439,"Series([], Name: pct_sum, dtype: float64)",广和通,通信设备
002194.SZ,75.48499055963636,"Series([], Name: pct_sum, dtype: float64)",*ST凡谷,通信设备
603220.SH,74.68367485595184,"Series([], Name: pct_sum, dtype: float64)",贝通信,通信设备
300134.SZ,64.98719401683108,"Series([], Name: pct_sum, dtype: float64)",大富科技,通信设备
002059.SZ,37.20328281855081,"Series([], Name: pct_sum, dtype: float64)",云南旅游,旅游景点
603099.SH,35.57358585602865,"Series([], Name: pct_sum, dtype: float64)",长白山,旅游景点
603136.SH,33.813000784121854,"Series([], Name: pct_sum, dtype: float64)",天目湖,旅游景点
000430.SZ,33.521066805951385,"Series([], Name: pct_sum, dtype: float64)",张家界,旅游景点
000888.SZ,31.259850407192346,"Series([], Name: pct_sum, dtype: float64)",峨眉山A,旅游景点
000978.SZ,27.83849286762667,"Series([], Name: pct_sum, dtype: float64)",桂林旅游,旅游景点
600054.SH,26.05113818233872,"Series([], Name: pct_sum, dtype: float64)",黄山旅游,旅游景点
002033.SZ,25.05100490238756,"Series([], Name: pct_sum, dtype: float64)",丽江旅游,旅游景点
600749.SH,23.952627232332304,"Series([], Name: pct_sum, dtype: float64)",*ST藏旅,旅游景点
000069.SZ,21.440738654990085,"Series([], Name: pct_sum, dtype: float64)",华侨城A,旅游景点
601008.SH,74.66202552671773,"Series([], Name: pct_sum, dtype: float64)",连云港,港口
600190.SH,57.619301289742864,"Series([], Name: pct_sum, dtype: float64)",锦州港,港口
000905.SZ,54.86384274221884,"Series([], Name: pct_sum, dtype: float64)",厦门港务,港口
601326.SH,51.3401646045286,"Series([], Name: pct_sum, dtype: float64)",秦港股份,港口
002040.SZ,48.22387688489993,"Series([], Name: pct_sum, dtype: float64)",南京港,港口
600279.SH,48.122300222702975,"Series([], Name: pct_sum, dtype: float64)",重庆港九,港口
601298.SH,44.34374013407249,"Series([], Name: pct_sum, dtype: float64)",青岛港,港口
600018.SH,38.05371621756477,"Series([], Name: pct_sum, dtype: float64)",上港集团,港口
000088.SZ,37.23512656865589,"Series([], Name: pct_sum, dtype: float64)",盐田港,港口
601000.SH,37.08541503479759,"Series([], Name: pct_sum, dtype: float64)",唐山港,港口
600004.SH,42.59862708001461,"Series([], Name: pct_sum, dtype: float64)",白云机场,机场
000089.SZ,28.107176177502414,"Series([], Name: pct_sum, dtype: float64)",深圳机场,机场
600009.SH,18.412874770269518,"Series([], Name: pct_sum, dtype: float64)",上海机场,机场
600897.SH,15.338744645593396,"Series([], Name: pct_sum, dtype: float64)",厦门空港,机场
000159.SZ,109.57546182754935,"Series([], Name: pct_sum, dtype: float64)",国际实业,石油贸易
000554.SZ,32.803419905315096,"Series([], Name: pct_sum, dtype: float64)",泰山石油,石油贸易
603003.SH,29.759204642111147,"Series([], Name: pct_sum, dtype: float64)",龙宇燃油,石油贸易
600387.SH,29.54345694938284,"Series([], Name: pct_sum, dtype: float64)",海越能源,石油贸易
000096.SZ,27.837754699224305,"Series([], Name: pct_sum, dtype: float64)",广聚能源,石油贸易
002221.SZ,22.437069084234505,"Series([], Name: pct_sum, dtype: float64)",东华能源,石油贸易
000099.SZ,39.812818183207,"Series([], Name: pct_sum, dtype: float64)",中信海直,空运
600115.SH,33.16633937964858,"Series([], Name: pct_sum, dtype: float64)",东方航空,空运
601111.SH,32.538073923231956,"Series([], Name: pct_sum, dtype: float64)",中国国航,空运
600221.SH,28.17244842909529,"Series([], Name: pct_sum, dtype: float64)",海航控股,空运
600029.SH,27.71988566149524,"Series([], Name: pct_sum, dtype: float64)",南方航空,空运
601021.SH,24.380403517939122,"Series([], Name: pct_sum, dtype: float64)",春秋航空,空运
002928.SZ,22.912099602821343,"Series([], Name: pct_sum, dtype: float64)",华夏航空,空运
603885.SH,16.938767651003367,"Series([], Name: pct_sum, dtype: float64)",吉祥航空,空运
002950.SZ,91.04574745621353,"Series([], Name: pct_sum, dtype: float64)",奥美医疗,医疗保健
300171.SZ,72.40637061217268,"Series([], Name: pct_sum, dtype: float64)",东富龙,医疗保健
300238.SZ,64.91120798378151,"Series([], Name: pct_sum, dtype: float64)",冠昊生物,医疗保健
000503.SZ,64.73145057639637,"Series([], Name: pct_sum, dtype: float64)",国新健康,医疗保健
300347.SZ,53.57825359408293,"Series([], Name: pct_sum, dtype: float64)",泰格医药,医疗保健
603127.SH,53.53282745025848,"Series([], Name: pct_sum, dtype: float64)",昭衍新药,医疗保健
600530.SH,52.61147955487707,"Series([], Name: pct_sum, dtype: float64)",交大昂立,医疗保健
300061.SZ,52.16895530945345,"Series([], Name: pct_sum, dtype: float64)",康旗股份,医疗保健
600055.SH,48.60896150822998,"Series([], Name: pct_sum, dtype: float64)",万东医疗,医疗保健
000710.SZ,44.23526448470545,"Series([], Name: pct_sum, dtype: float64)",贝瑞基因,医疗保健
600278.SH,88.66878012244818,"Series([], Name: pct_sum, dtype: float64)",东方创业,商贸代理
600735.SH,48.131523669127574,"Series([], Name: pct_sum, dtype: float64)",新华锦,商贸代理
600739.SH,43.655099648383555,"Series([], Name: pct_sum, dtype: float64)",辽宁成大,商贸代理
600120.SH,42.891853754174136,"Series([], Name: pct_sum, dtype: float64)",浙江东方,商贸代理
000626.SZ,42.635515564024395,"Series([], Name: pct_sum, dtype: float64)",远大控股,商贸代理
600981.SH,38.77521528303063,"Series([], Name: pct_sum, dtype: float64)",汇鸿集团,商贸代理
600128.SH,37.9132137447164,"Series([], Name: pct_sum, dtype: float64)",弘业股份,商贸代理
000151.SZ,35.29514448328667,"Series([], Name: pct_sum, dtype: float64)",中成股份,商贸代理
600755.SH,33.02639286736686,"Series([], Name: pct_sum, dtype: float64)",厦门国贸,商贸代理
600822.SH,32.739052394986174,"Series([], Name: pct_sum, dtype: float64)",上海物贸,商贸代理
300759.SZ,146.0435591954229,"Series([], Name: pct_sum, dtype: float64)",康龙化成,化学制药
002437.SZ,87.82079928278175,"Series([], Name: pct_sum, dtype: float64)",誉衡药业,化学制药
603707.SH,73.73381339179616,"Series([], Name: pct_sum, dtype: float64)",健友股份,化学制药
000788.SZ,67.55154488080228,"Series([], Name: pct_sum, dtype: float64)",北大医药,化学制药
603222.SH,63.1174421508139,"Series([], Name: pct_sum, dtype: float64)",济民制药,化学制药
600664.SH,57.12118159513682,"Series([], Name: pct_sum, dtype: float64)",哈药股份,化学制药
300630.SZ,56.12145634481408,"Series([], Name: pct_sum, dtype: float64)",普利制药,化学制药
300006.SZ,55.70154322859101,"Series([], Name: pct_sum, dtype: float64)",莱美药业,化学制药
000915.SZ,54.884904359875726,"Series([], Name: pct_sum, dtype: float64)",山大华特,化学制药
000566.SZ,54.44513211536051,"Series([], Name: pct_sum, dtype: float64)",海南海药,化学制药
002274.SZ,68.4286821594376,"Series([], Name: pct_sum, dtype: float64)",华昌化工,农药化肥
600226.SH,59.27334352849955,"Series([], Name: pct_sum, dtype: float64)",瀚叶股份,农药化肥
002170.SZ,58.85737644344218,"Series([], Name: pct_sum, dtype: float64)",芭田股份,农药化肥
300575.SZ,47.5989387801535,"Series([], Name: pct_sum, dtype: float64)",中旗股份,农药化肥
600096.SH,46.50928283239263,"Series([], Name: pct_sum, dtype: float64)",云天化,农药化肥
002496.SZ,46.438793837384594,"Series([], Name: pct_sum, dtype: float64)",辉丰股份,农药化肥
603086.SH,45.38239612565094,"Series([], Name: pct_sum, dtype: float64)",先达股份,农药化肥
000422.SZ,44.402842147539275,"Series([], Name: pct_sum, dtype: float64)",*ST宜化,农药化肥
600227.SH,44.004071486474146,"Series([], Name: pct_sum, dtype: float64)",圣济堂,农药化肥
000912.SZ,42.89764765946301,"Series([], Name: pct_sum, dtype: float64)",*ST天化,农药化肥
600088.SH,114.61307155355335,"Series([], Name: pct_sum, dtype: float64)",中视传媒,影视音像
600831.SH,72.25444166167459,"Series([], Name: pct_sum, dtype: float64)",广电网络,影视音像
600996.SH,70.72554954695701,"Series([], Name: pct_sum, dtype: float64)",贵广网络,影视音像
603721.SH,65.26657845142826,"Series([], Name: pct_sum, dtype: float64)",中广天择,影视音像
600136.SH,60.00188916946047,"Series([], Name: pct_sum, dtype: float64)",当代明诚,影视音像
000156.SZ,58.14261809377679,"Series([], Name: pct_sum, dtype: float64)",华数传媒,影视音像
002238.SZ,56.489665329282936,"Series([], Name: pct_sum, dtype: float64)",天威视讯,影视音像
300291.SZ,56.10985917116772,"Series([], Name: pct_sum, dtype: float64)",华录百纳,影视音像
002143.SZ,55.00815354719584,"Series([], Name: pct_sum, dtype: float64)",印纪传媒,影视音像
002292.SZ,52.83539648450404,"Series([], Name: pct_sum, dtype: float64)",奥飞娱乐,影视音像
002526.SZ,62.42714533542316,"Series([], Name: pct_sum, dtype: float64)",山东矿机,工程机械
601100.SH,61.39898241010975,"Series([], Name: pct_sum, dtype: float64)",恒立液压,工程机械
000811.SZ,59.587856059095444,"Series([], Name: pct_sum, dtype: float64)",冰轮环境,工程机械
300103.SZ,55.15050614841383,"Series([], Name: pct_sum, dtype: float64)",达刚路机,工程机械
002535.SZ,54.333268943932396,"Series([], Name: pct_sum, dtype: float64)",林州重机,工程机械
002011.SZ,53.41081376791985,"Series([], Name: pct_sum, dtype: float64)",盾安环境,工程机械
002459.SZ,53.19070096789926,"Series([], Name: pct_sum, dtype: float64)",天业通联,工程机械
002158.SZ,51.6439751944342,"Series([], Name: pct_sum, dtype: float64)",汉钟精机,工程机械
600031.SH,50.58094664943522,"Series([], Name: pct_sum, dtype: float64)",三一重工,工程机械
002009.SZ,49.58222378683152,"Series([], Name: pct_sum, dtype: float64)",天奇股份,工程机械
601066.SH,133.61877634787822,"Series([], Name: pct_sum, dtype: float64)",中信建投,证券
002945.SZ,129.91760622228165,"Series([], Name: pct_sum, dtype: float64)",华林证券,证券
601162.SH,76.0248883426627,"Series([], Name: pct_sum, dtype: float64)",天风证券,证券
600864.SH,70.49504935282867,"Series([], Name: pct_sum, dtype: float64)",哈投股份,证券
601108.SH,69.81731341330868,"Series([], Name: pct_sum, dtype: float64)",财通证券,证券
601099.SH,67.50949258889435,"Series([], Name: pct_sum, dtype: float64)",太平洋,证券
601990.SH,65.62603505915102,"Series([], Name: pct_sum, dtype: float64)",南京证券,证券
300059.SZ,65.37238727357838,"Series([], Name: pct_sum, dtype: float64)",东方财富,证券
601881.SH,65.09636136324372,"Series([], Name: pct_sum, dtype: float64)",中国银河,证券
600621.SH,63.954355986790276,"Series([], Name: pct_sum, dtype: float64)",华鑫股份,证券
000677.SZ,80.1800096159566,"Series([], Name: pct_sum, dtype: float64)",恒天海龙,化纤
000936.SZ,66.34840326020073,"Series([], Name: pct_sum, dtype: float64)",华西股份,化纤
002080.SZ,63.35608099562113,"Series([], Name: pct_sum, dtype: float64)",中材科技,化纤
603332.SH,54.04304673521944,"Series([], Name: pct_sum, dtype: float64)",苏州龙杰,化纤
000420.SZ,50.8631757265117,"Series([], Name: pct_sum, dtype: float64)",吉林化纤,化纤
601233.SH,46.77904263085213,"Series([], Name: pct_sum, dtype: float64)",桐昆股份,化纤
600063.SH,44.55677129843168,"Series([], Name: pct_sum, dtype: float64)",皖维高新,化纤
002172.SZ,42.23041672365061,"Series([], Name: pct_sum, dtype: float64)",澳洋健康,化纤
000584.SZ,41.43158025607831,"Series([], Name: pct_sum, dtype: float64)",哈工智能,化纤
002015.SZ,40.62593065382865,"Series([], Name: pct_sum, dtype: float64)",霞客环保,化纤
600425.SH,68.25068398008271,"Series([], Name: pct_sum, dtype: float64)",青松建化,水泥
002302.SZ,64.84048564135941,"Series([], Name: pct_sum, dtype: float64)",西部建设,水泥
000877.SZ,61.07119206438696,"Series([], Name: pct_sum, dtype: float64)",天山股份,水泥
000401.SZ,37.76363245857886,"Series([], Name: pct_sum, dtype: float64)",冀东水泥,水泥
600720.SH,37.594030739203866,"Series([], Name: pct_sum, dtype: float64)",祁连山,水泥
000789.SZ,36.822736902430094,"Series([], Name: pct_sum, dtype: float64)",万年青,水泥
600678.SH,33.68232984179498,"Series([], Name: pct_sum, dtype: float64)",四川金顶,水泥
000672.SZ,32.97223395065416,"Series([], Name: pct_sum, dtype: float64)",上峰水泥,水泥
000935.SZ,32.422920792278816,"Series([], Name: pct_sum, dtype: float64)",四川双马,水泥
600449.SH,32.01372414827777,"Series([], Name: pct_sum, dtype: float64)",宁夏建材,水泥
603956.SH,133.54491489373476,"Series([], Name: pct_sum, dtype: float64)",威派格,专用机械
300757.SZ,94.3651932765575,"Series([], Name: pct_sum, dtype: float64)",罗博特科,专用机械
601608.SH,92.69486237483376,"Series([], Name: pct_sum, dtype: float64)",中信重工,专用机械
300471.SZ,88.54737536893386,"Series([], Name: pct_sum, dtype: float64)",厚普股份,专用机械
002639.SZ,87.55122294862205,"Series([], Name: pct_sum, dtype: float64)",雪人股份,专用机械
002371.SZ,75.33461665277406,"Series([], Name: pct_sum, dtype: float64)",北方华创,专用机械
002530.SZ,69.44998073268559,"Series([], Name: pct_sum, dtype: float64)",金财互联,专用机械
002192.SZ,69.41466227383277,"Series([], Name: pct_sum, dtype: float64)",融捷股份,专用机械
603169.SH,68.37885996322441,"Series([], Name: pct_sum, dtype: float64)",兰石重装,专用机械
600860.SH,68.31543375340885,"Series([], Name: pct_sum, dtype: float64)",京城股份,专用机械
600635.SH,62.010423955494645,"Series([], Name: pct_sum, dtype: float64)",大众公用,供气供热
600167.SH,44.95478148860226,"Series([], Name: pct_sum, dtype: float64)",联美控股,供气供热
600719.SH,41.035112949517256,"Series([], Name: pct_sum, dtype: float64)",大连热电,供气供热
600856.SH,35.46371827057559,"Series([], Name: pct_sum, dtype: float64)",中天能源,供气供热
000692.SZ,35.116554221485686,"Series([], Name: pct_sum, dtype: float64)",惠天热电,供气供热
603393.SH,32.507332468885735,"Series([], Name: pct_sum, dtype: float64)",新天然气,供气供热
002524.SZ,31.176558329266115,"Series([], Name: pct_sum, dtype: float64)",光正集团,供气供热
000593.SZ,29.768228370276603,"Series([], Name: pct_sum, dtype: float64)",大通燃气,供气供热
000695.SZ,29.004968435535307,"Series([], Name: pct_sum, dtype: float64)",滨海能源,供气供热
000407.SZ,28.23628337743034,"Series([], Name: pct_sum, dtype: float64)",胜利股份,供气供热
603011.SH,56.93581512945974,"Series([], Name: pct_sum, dtype: float64)",合锻智能,机床制造
300161.SZ,50.028280248757895,"Series([], Name: pct_sum, dtype: float64)",华中数控,机床制造
000837.SZ,45.91770035046693,"Series([], Name: pct_sum, dtype: float64)",秦川机床,机床制造
000410.SZ,39.73051938413751,"Series([], Name: pct_sum, dtype: float64)",沈阳机床,机床制造
600243.SH,37.69823784004494,"Series([], Name: pct_sum, dtype: float64)",青海华鼎,机床制造
002943.SZ,36.334425228061974,"Series([], Name: pct_sum, dtype: float64)",宇晶股份,机床制造
601882.SH,34.11275868736959,"Series([], Name: pct_sum, dtype: float64)",海天精工,机床制造
002520.SZ,32.22288026383943,"Series([], Name: pct_sum, dtype: float64)",日发精机,机床制造
002903.SZ,30.317747035326317,"Series([], Name: pct_sum, dtype: float64)",宇环数控,机床制造
002559.SZ,29.329774658879487,"Series([], Name: pct_sum, dtype: float64)",亚威股份,机床制造
000563.SZ,89.98806556134609,"Series([], Name: pct_sum, dtype: float64)",陕国投A,多元金融
600816.SH,74.74742816369624,"Series([], Name: pct_sum, dtype: float64)",安信信托,多元金融
600695.SH,56.52078330840952,"Series([], Name: pct_sum, dtype: float64)",绿庭投资,多元金融
600390.SH,53.09058604970891,"Series([], Name: pct_sum, dtype: float64)",五矿资本,多元金融
600643.SH,50.847168003675534,"Series([], Name: pct_sum, dtype: float64)",爱建集团,多元金融
600599.SH,44.74663052233081,"Series([], Name: pct_sum, dtype: float64)",熊猫金控,多元金融
600830.SH,44.74612135879849,"Series([], Name: pct_sum, dtype: float64)",香溢融通,多元金融
000617.SZ,42.47717761590371,"Series([], Name: pct_sum, dtype: float64)",中油资本,多元金融
600705.SH,41.879382182890566,"Series([], Name: pct_sum, dtype: float64)",中航资本,多元金融
000416.SZ,38.69161259703611,"Series([], Name: pct_sum, dtype: float64)",民生控股,多元金融
600738.SH,75.77717131753293,"Series([], Name: pct_sum, dtype: float64)",兰州民百,百货
000785.SZ,74.42143311937149,"Series([], Name: pct_sum, dtype: float64)",武汉中商,百货
600682.SH,60.41038387292305,"Series([], Name: pct_sum, dtype: float64)",南京新百,百货
000715.SZ,55.717925951740966,"Series([], Name: pct_sum, dtype: float64)",中兴商业,百货
600280.SH,50.30156106613759,"Series([], Name: pct_sum, dtype: float64)",中央商场,百货
000564.SZ,46.6860774530236,"Series([], Name: pct_sum, dtype: float64)",供销大集,百货
000882.SZ,35.24204572220044,"Series([], Name: pct_sum, dtype: float64)",华联股份,百货
600712.SH,32.69272743212102,"Series([], Name: pct_sum, dtype: float64)",南宁百货,百货
600859.SH,32.281989030939606,"Series([], Name: pct_sum, dtype: float64)",王府井,百货
600824.SH,31.512846005112134,"Series([], Name: pct_sum, dtype: float64)",益民集团,百货
002750.SZ,136.53526305919345,"Series([], Name: pct_sum, dtype: float64)",龙津药业,中成药
002118.SZ,99.55128009951933,"Series([], Name: pct_sum, dtype: float64)",紫鑫药业,中成药
600613.SH,81.75360626056325,"Series([], Name: pct_sum, dtype: float64)",神奇制药,中成药
600422.SH,77.30511467471423,"Series([], Name: pct_sum, dtype: float64)",昆药集团,中成药
000590.SZ,76.56520706534602,"Series([], Name: pct_sum, dtype: float64)",启迪古汉,中成药
600572.SH,68.9412746753658,"Series([], Name: pct_sum, dtype: float64)",康恩贝,中成药
603896.SH,66.6033022866419,"Series([], Name: pct_sum, dtype: float64)",寿仙谷,中成药
600222.SH,64.82484203014073,"Series([], Name: pct_sum, dtype: float64)",太龙药业,中成药
300016.SZ,60.79822711649843,"Series([], Name: pct_sum, dtype: float64)",北陆药业,中成药
300108.SZ,56.189570347698265,"Series([], Name: pct_sum, dtype: float64)",吉药控股,中成药
600020.SH,71.55235608980499,"Series([], Name: pct_sum, dtype: float64)",中原高速,路桥
600035.SH,40.54881242261452,"Series([], Name: pct_sum, dtype: float64)",楚天高速,路桥
601107.SH,36.50157713200943,"Series([], Name: pct_sum, dtype: float64)",四川成渝,路桥
000886.SZ,33.620157216955114,"Series([], Name: pct_sum, dtype: float64)",海南高速,路桥
000828.SZ,33.12633596780816,"Series([], Name: pct_sum, dtype: float64)",东莞控股,路桥
000900.SZ,30.53183114521383,"Series([], Name: pct_sum, dtype: float64)",现代投资,路桥
601518.SH,28.22847256643021,"Series([], Name: pct_sum, dtype: float64)",吉林高速,路桥
600106.SH,27.184258809888547,"Series([], Name: pct_sum, dtype: float64)",重庆路桥,路桥
001965.SZ,25.214908579938765,"Series([], Name: pct_sum, dtype: float64)",招商公路,路桥
600368.SH,23.900667567250366,"Series([], Name: pct_sum, dtype: float64)",五洲交通,路桥
002565.SZ,171.50994828902586,"Series([], Name: pct_sum, dtype: float64)",顺灏股份,造纸
600356.SH,74.73757843747791,"Series([], Name: pct_sum, dtype: float64)",恒丰纸业,造纸
000576.SZ,60.45528821568861,"Series([], Name: pct_sum, dtype: float64)",广东甘化,造纸
002012.SZ,41.39861509763121,"Series([], Name: pct_sum, dtype: float64)",凯恩股份,造纸
603165.SH,39.82960648702083,"Series([], Name: pct_sum, dtype: float64)",荣晟环保,造纸
603733.SH,37.85208973822269,"Series([], Name: pct_sum, dtype: float64)",仙鹤股份,造纸
600235.SH,37.301077283601416,"Series([], Name: pct_sum, dtype: float64)",民丰特纸,造纸
600069.SH,35.01627661308321,"Series([], Name: pct_sum, dtype: float64)",银鸽投资,造纸
000815.SZ,34.520614102289905,"Series([], Name: pct_sum, dtype: float64)",美利云,造纸
002303.SZ,31.520961914939008,"Series([], Name: pct_sum, dtype: float64)",美盈森,造纸
300175.SZ,73.57001843526454,"Series([], Name: pct_sum, dtype: float64)",朗源股份,食品
000716.SZ,67.39635410489898,"Series([], Name: pct_sum, dtype: float64)",黑芝麻,食品
002840.SZ,62.33430487364856,"Series([], Name: pct_sum, dtype: float64)",华统股份,食品
000911.SZ,58.02107584410672,"Series([], Name: pct_sum, dtype: float64)",南宁糖业,食品
000639.SZ,57.413961356170844,"Series([], Name: pct_sum, dtype: float64)",西王食品,食品
002515.SZ,50.2200905241919,"Series([], Name: pct_sum, dtype: float64)",金字火腿,食品
000529.SZ,48.84392428238608,"Series([], Name: pct_sum, dtype: float64)",广弘控股,食品
600866.SH,48.24247714293012,"Series([], Name: pct_sum, dtype: float64)",星湖科技,食品
603696.SH,48.080422090240575,"Series([], Name: pct_sum, dtype: float64)",安记食品,食品
603027.SH,47.653223719499934,"Series([], Name: pct_sum, dtype: float64)",千禾味业,食品
000990.SZ,99.76924056745345,"Series([], Name: pct_sum, dtype: float64)",诚志股份,化工原料
603360.SH,96.33374084411176,"Series([], Name: pct_sum, dtype: float64)",百傲化学,化工原料
300725.SZ,73.11514983258856,"Series([], Name: pct_sum, dtype: float64)",药石科技,化工原料
002002.SZ,71.2990998481306,"Series([], Name: pct_sum, dtype: float64)",鸿达兴业,化工原料
300481.SZ,71.21290121399353,"Series([], Name: pct_sum, dtype: float64)",濮阳惠成,化工原料
300446.SZ,65.81926533821944,"Series([], Name: pct_sum, dtype: float64)",乐凯新材,化工原料
002683.SZ,63.958067237937534,"Series([], Name: pct_sum, dtype: float64)",宏大爆破,化工原料
002125.SZ,60.33974637444914,"Series([], Name: pct_sum, dtype: float64)",湘潭电化,化工原料
601208.SH,56.29977891776906,"Series([], Name: pct_sum, dtype: float64)",东材科技,化工原料
600722.SH,55.9644444082914,"Series([], Name: pct_sum, dtype: float64)",金牛化工,化工原料
600783.SH,65.96985371844235,"Series([], Name: pct_sum, dtype: float64)",鲁信创投,矿物制品
600172.SH,53.81295208444768,"Series([], Name: pct_sum, dtype: float64)",黄河旋风,矿物制品
000795.SZ,48.57614182096919,"Series([], Name: pct_sum, dtype: float64)",英洛华,矿物制品
603688.SH,40.08977949143381,"Series([], Name: pct_sum, dtype: float64)",石英股份,矿物制品
603612.SH,39.77354171848702,"Series([], Name: pct_sum, dtype: float64)",索通发展,矿物制品
000519.SZ,38.77287775365977,"Series([], Name: pct_sum, dtype: float64)",中兵红箭,矿物制品
002297.SZ,38.54672073529286,"Series([], Name: pct_sum, dtype: float64)",博云新材,矿物制品
603505.SH,37.123723263071554,"Series([], Name: pct_sum, dtype: float64)",金石资源,矿物制品
600516.SH,36.94101902507731,"Series([], Name: pct_sum, dtype: float64)",方大炭素,矿物制品
300629.SZ,36.007944146883794,"Series([], Name: pct_sum, dtype: float64)",新劲刚,矿物制品
600751.SH,53.15667214966078,"Series([], Name: pct_sum, dtype: float64)",海航科技,水运
600896.SH,40.553495868563544,"Series([], Name: pct_sum, dtype: float64)",*ST海投,水运
601866.SH,37.22732137467063,"Series([], Name: pct_sum, dtype: float64)",中远海发,水运
600026.SH,37.096115751116834,"Series([], Name: pct_sum, dtype: float64)",中远海能,水运
600798.SH,35.86744970270236,"Series([], Name: pct_sum, dtype: float64)",宁波海运,水运
600575.SH,33.211401718272796,"Series([], Name: pct_sum, dtype: float64)",皖江物流,水运
000520.SZ,30.784742001121664,"Series([], Name: pct_sum, dtype: float64)",长航凤凰,水运
002320.SZ,30.551196613763565,"Series([], Name: pct_sum, dtype: float64)",海峡股份,水运
600428.SH,30.380352995302204,"Series([], Name: pct_sum, dtype: float64)",中远海特,水运
601872.SH,27.81571934996832,"Series([], Name: pct_sum, dtype: float64)",招商轮船,水运
000737.SZ,54.55351692098736,"Series([], Name: pct_sum, dtype: float64)",*ST南风,日用化工
000523.SZ,47.987148588826294,"Series([], Name: pct_sum, dtype: float64)",广州浪奇,日用化工
600249.SH,45.10039245367454,"Series([], Name: pct_sum, dtype: float64)",两面针,日用化工
603630.SH,38.95150712036329,"Series([], Name: pct_sum, dtype: float64)",拉芳家化,日用化工
603605.SH,38.916839856945636,"Series([], Name: pct_sum, dtype: float64)",珀莱雅,日用化工
002094.SZ,34.21779362183259,"Series([], Name: pct_sum, dtype: float64)",青岛金王,日用化工
002637.SZ,24.64514938963686,"Series([], Name: pct_sum, dtype: float64)",赞宇科技,日用化工
002919.SZ,19.030651311281197,"Series([], Name: pct_sum, dtype: float64)",名臣健康,日用化工
600315.SH,17.66814370900406,"Series([], Name: pct_sum, dtype: float64)",上海家化,日用化工
300740.SZ,11.585192241217644,"Series([], Name: pct_sum, dtype: float64)",御家汇,日用化工
601615.SH,100.11228327414366,"Series([], Name: pct_sum, dtype: float64)",明阳智能,机械基件
002122.SZ,80.46349699756303,"Series([], Name: pct_sum, dtype: float64)",*ST天马,机械基件
600421.SH,63.29378874585279,"Series([], Name: pct_sum, dtype: float64)",ST仰帆,机械基件
000678.SZ,62.43451431687234,"Series([], Name: pct_sum, dtype: float64)",襄阳轴承,机械基件
000570.SZ,58.70117016188694,"Series([], Name: pct_sum, dtype: float64)",苏常柴A,机械基件
000530.SZ,58.435761780115875,"Series([], Name: pct_sum, dtype: float64)",大冷股份,机械基件
601177.SH,57.61909868218531,"Series([], Name: pct_sum, dtype: float64)",杭齿前进,机械基件
000595.SZ,56.9864729173174,"Series([], Name: pct_sum, dtype: float64)",宝塔实业,机械基件
600592.SH,56.10206194223385,"Series([], Name: pct_sum, dtype: float64)",龙溪股份,机械基件
002418.SZ,55.37867347351776,"Series([], Name: pct_sum, dtype: float64)",康盛股份,机械基件
600375.SH,84.97466887473036,"Series([], Name: pct_sum, dtype: float64)",华菱星马,汽车整车
000957.SZ,77.6203403947478,"Series([], Name: pct_sum, dtype: float64)",中通客车,汽车整车
000951.SZ,63.7950143591471,"Series([], Name: pct_sum, dtype: float64)",中国重汽,汽车整车
000550.SZ,59.85251543619475,"Series([], Name: pct_sum, dtype: float64)",江铃汽车,汽车整车
600686.SH,57.98443370740246,"Series([], Name: pct_sum, dtype: float64)",金龙汽车,汽车整车
600139.SH,54.291746709429844,"Series([], Name: pct_sum, dtype: float64)",西部资源,汽车整车
000572.SZ,41.554154381828646,"Series([], Name: pct_sum, dtype: float64)",海马汽车,汽车整车
601633.SH,40.85348217530899,"Series([], Name: pct_sum, dtype: float64)",长城汽车,汽车整车
600213.SH,39.6801327606196,"Series([], Name: pct_sum, dtype: float64)",亚星客车,汽车整车
600006.SH,34.37983382601695,"Series([], Name: pct_sum, dtype: float64)",东风汽车,汽车整车
600157.SH,75.65305335833833,"Series([], Name: pct_sum, dtype: float64)",永泰能源,煤炭开采
000933.SZ,43.24949696776038,"Series([], Name: pct_sum, dtype: float64)",神火股份,煤炭开采
600985.SH,35.248910798708195,"Series([], Name: pct_sum, dtype: float64)",淮北矿业,煤炭开采
600397.SH,31.705363260274716,"Series([], Name: pct_sum, dtype: float64)",*ST安煤,煤炭开采
000552.SZ,31.14276579750382,"Series([], Name: pct_sum, dtype: float64)",靖远煤电,煤炭开采
600758.SH,30.428267155656172,"Series([], Name: pct_sum, dtype: float64)",红阳能源,煤炭开采
000968.SZ,30.396478494836245,"Series([], Name: pct_sum, dtype: float64)",蓝焰控股,煤炭开采
600121.SH,29.898823355067705,"Series([], Name: pct_sum, dtype: float64)",郑州煤电,煤炭开采
000780.SZ,29.435266519029145,"Series([], Name: pct_sum, dtype: float64)",平庄能源,煤炭开采
600971.SH,28.97528641125244,"Series([], Name: pct_sum, dtype: float64)",恒源煤电,煤炭开采
601519.SH,142.8518859547074,"Series([], Name: pct_sum, dtype: float64)",大智慧,软件服务
603383.SH,118.85633624668515,"Series([], Name: pct_sum, dtype: float64)",顶点软件,软件服务
600536.SH,112.04354884369744,"Series([], Name: pct_sum, dtype: float64)",中国软件,软件服务
300663.SZ,109.31155012169106,"Series([], Name: pct_sum, dtype: float64)",科蓝软件,软件服务
600446.SH,107.80406537183592,"Series([], Name: pct_sum, dtype: float64)",金证股份,软件服务
300085.SZ,107.67693605521055,"Series([], Name: pct_sum, dtype: float64)",银之杰,软件服务
300033.SZ,97.81588355540897,"Series([], Name: pct_sum, dtype: float64)",同花顺,软件服务
300579.SZ,82.09256894565232,"Series([], Name: pct_sum, dtype: float64)",数字认证,软件服务
300170.SZ,79.42690154821061,"Series([], Name: pct_sum, dtype: float64)",汉得信息,软件服务
002063.SZ,79.14979045812356,"Series([], Name: pct_sum, dtype: float64)",远光软件,软件服务
000557.SZ,41.50282413791853,"Series([], Name: pct_sum, dtype: float64)",西部创业,铁路
600125.SH,24.507203567109908,"Series([], Name: pct_sum, dtype: float64)",铁龙物流,铁路
601333.SH,23.768829336920028,"Series([], Name: pct_sum, dtype: float64)",广深铁路,铁路
601006.SH,9.277819131633347,"Series([], Name: pct_sum, dtype: float64)",大秦铁路,铁路
300758.SZ,65.08394574012246,"Series([], Name: pct_sum, dtype: float64)",七彩化学,染料涂料
603737.SH,58.29748640160622,"Series([], Name: pct_sum, dtype: float64)",三棵树,染料涂料
600352.SH,56.57666946598333,"Series([], Name: pct_sum, dtype: float64)",浙江龙盛,染料涂料
002440.SZ,50.718367577056625,"Series([], Name: pct_sum, dtype: float64)",闰土股份,染料涂料
300067.SZ,44.04449775809087,"Series([], Name: pct_sum, dtype: float64)",安诺其,染料涂料
603110.SH,38.583976242770945,"Series([], Name: pct_sum, dtype: float64)",东方材料,染料涂料
000565.SZ,37.77030919393745,"Series([], Name: pct_sum, dtype: float64)",渝三峡A,染料涂料
603980.SH,36.15204934397006,"Series([], Name: pct_sum, dtype: float64)",吉华集团,染料涂料
300225.SZ,35.677155400168175,"Series([], Name: pct_sum, dtype: float64)",金力泰,染料涂料
603188.SH,34.04893148882107,"Series([], Name: pct_sum, dtype: float64)",亚邦股份,染料涂料
603369.SH,70.64896057004512,"Series([], Name: pct_sum, dtype: float64)",今世缘,白酒
000596.SZ,70.3684137262991,"Series([], Name: pct_sum, dtype: float64)",古井贡酒,白酒
000860.SZ,66.07032140903394,"Series([], Name: pct_sum, dtype: float64)",顺鑫农业,白酒
600199.SH,63.88483819052221,"Series([], Name: pct_sum, dtype: float64)",金种子酒,白酒
000858.SZ,61.822242494198676,"Series([], Name: pct_sum, dtype: float64)",五粮液,白酒
600809.SH,58.7525862099031,"Series([], Name: pct_sum, dtype: float64)",山西汾酒,白酒
000568.SZ,51.01083374752704,"Series([], Name: pct_sum, dtype: float64)",泸州老窖,白酒
000799.SZ,47.70400109863789,"Series([], Name: pct_sum, dtype: float64)",酒鬼酒,白酒
603589.SH,47.22387094063544,"Series([], Name: pct_sum, dtype: float64)",口子窖,白酒
600197.SH,44.120305051785024,"Series([], Name: pct_sum, dtype: float64)",伊力特,白酒
002679.SZ,43.695345027831365,"Series([], Name: pct_sum, dtype: float64)",福建金森,林业
000592.SZ,41.06919234301104,"Series([], Name: pct_sum, dtype: float64)",平潭发展,林业
600189.SH,34.76438968835358,"Series([], Name: pct_sum, dtype: float64)",吉林森工,林业
000663.SZ,29.163900891732453,"Series([], Name: pct_sum, dtype: float64)",永安林业,林业
601996.SH,26.2394261649284,"Series([], Name: pct_sum, dtype: float64)",丰林集团,林业
600265.SH,8.863601484045859,"Series([], Name: pct_sum, dtype: float64)",ST景谷,林业
600187.SH,48.39788266457244,"Series([], Name: pct_sum, dtype: float64)",国中水务,水务
600283.SH,35.628340288400764,"Series([], Name: pct_sum, dtype: float64)",钱江水利,水务
000685.SZ,28.180405575108605,"Series([], Name: pct_sum, dtype: float64)",中山公用,水务
600168.SH,27.767632041263834,"Series([], Name: pct_sum, dtype: float64)",武汉控股,水务
000605.SZ,27.385941398242707,"Series([], Name: pct_sum, dtype: float64)",渤海股份,水务
600323.SH,22.720727827906945,"Series([], Name: pct_sum, dtype: float64)",瀚蓝环境,水务
601199.SH,20.600835453335876,"Series([], Name: pct_sum, dtype: float64)",江南水务,水务
000598.SZ,20.53351227392964,"Series([], Name: pct_sum, dtype: float64)",兴蓉环境,水务
601368.SH,19.393793352987572,"Series([], Name: pct_sum, dtype: float64)",绿城水务,水务
600461.SH,15.551375306056524,"Series([], Name: pct_sum, dtype: float64)",洪城水业,水务
600131.SH,148.86813055055234,"Series([], Name: pct_sum, dtype: float64)",岷江水电,水力发电
000993.SZ,91.46533028321443,"Series([], Name: pct_sum, dtype: float64)",闽东电力,水力发电
600505.SH,64.03332454672098,"Series([], Name: pct_sum, dtype: float64)",西昌电力,水力发电
600310.SH,56.71238319457308,"Series([], Name: pct_sum, dtype: float64)",桂东电力,水力发电
600868.SH,51.96639945332241,"Series([], Name: pct_sum, dtype: float64)",梅雁吉祥,水力发电
600452.SH,48.00872788886491,"Series([], Name: pct_sum, dtype: float64)",涪陵电力,水力发电
600644.SH,45.77859915215662,"Series([], Name: pct_sum, dtype: float64)",乐山电力,水力发电
600969.SH,42.06750864382385,"Series([], Name: pct_sum, dtype: float64)",郴电国际,水力发电
000722.SZ,40.512730736794765,"Series([], Name: pct_sum, dtype: float64)",湖南发展,水力发电
600116.SH,34.97669248481414,"Series([], Name: pct_sum, dtype: float64)",三峡水利,水力发电
603000.SH,152.80107182219558,"Series([], Name: pct_sum, dtype: float64)",人民网,互联网
603888.SH,79.17444963075206,"Series([], Name: pct_sum, dtype: float64)",新华网,互联网
300226.SZ,73.89449073642292,"Series([], Name: pct_sum, dtype: float64)",上海钢联,互联网
000971.SZ,67.27721276089326,"Series([], Name: pct_sum, dtype: float64)",ST高升,互联网
002123.SZ,64.89160242554514,"Series([], Name: pct_sum, dtype: float64)",梦网集团,互联网
002131.SZ,64.40523706069223,"Series([], Name: pct_sum, dtype: float64)",利欧股份,互联网
002555.SZ,58.99740466282901,"Series([], Name: pct_sum, dtype: float64)",三七互娱,互联网
002095.SZ,58.89263786137873,"Series([], Name: pct_sum, dtype: float64)",生意宝,互联网
300399.SZ,57.382798756715566,"Series([], Name: pct_sum, dtype: float64)",京天利,互联网
300609.SZ,54.95176269786706,"Series([], Name: pct_sum, dtype: float64)",汇纳科技,互联网
000610.SZ,85.11457308336887,"Series([], Name: pct_sum, dtype: float64)",西安旅游,旅游服务
600358.SH,45.3463818038758,"Series([], Name: pct_sum, dtype: float64)",国旅联合,旅游服务
600593.SH,40.90100682702963,"Series([], Name: pct_sum, dtype: float64)",大连圣亚,旅游服务
000796.SZ,37.610070485206286,"Series([], Name: pct_sum, dtype: float64)",凯撒旅游,旅游服务
600706.SH,33.31192661368967,"Series([], Name: pct_sum, dtype: float64)",曲江文旅,旅游服务
002707.SZ,31.277613010116657,"Series([], Name: pct_sum, dtype: float64)",众信旅游,旅游服务
600138.SH,31.182660034109666,"Series([], Name: pct_sum, dtype: float64)",中青旅,旅游服务
002159.SZ,30.04182433612032,"Series([], Name: pct_sum, dtype: float64)",三特索道,旅游服务
300178.SZ,26.93177817996185,"Series([], Name: pct_sum, dtype: float64)",腾邦国际,旅游服务
600555.SH,24.24961828508294,"Series([], Name: pct_sum, dtype: float64)",海航创新,旅游服务
002824.SZ,74.58178769741963,"Series([], Name: pct_sum, dtype: float64)",和胜股份,铝
300328.SZ,69.74690757038218,"Series([], Name: pct_sum, dtype: float64)",宜安科技,铝
600595.SH,60.4077282035367,"Series([], Name: pct_sum, dtype: float64)",中孚实业,铝
002333.SZ,59.857008604819754,"Series([], Name: pct_sum, dtype: float64)",罗普斯金,铝
300337.SZ,56.7720021217994,"Series([], Name: pct_sum, dtype: float64)",银邦股份,铝
601388.SH,51.3105852101268,"Series([], Name: pct_sum, dtype: float64)",怡球资源,铝
000807.SZ,39.32804548425537,"Series([], Name: pct_sum, dtype: float64)",云铝股份,铝
600888.SH,39.28117512001799,"Series([], Name: pct_sum, dtype: float64)",新疆众和,铝
002082.SZ,37.25038295521625,"Series([], Name: pct_sum, dtype: float64)",万邦德,铝
002379.SZ,37.03774868889007,"Series([], Name: pct_sum, dtype: float64)",宏创控股,铝
601319.SH,93.3251000491463,"Series([], Name: pct_sum, dtype: float64)",中国人保,保险
600291.SH,49.65707876249165,"Series([], Name: pct_sum, dtype: float64)",西水股份,保险
601628.SH,47.44630951333252,"Series([], Name: pct_sum, dtype: float64)",中国人寿,保险
601318.SH,33.78959352319082,"Series([], Name: pct_sum, dtype: float64)",中国平安,保险
601336.SH,32.09922470707186,"Series([], Name: pct_sum, dtype: float64)",新华保险,保险
601601.SH,30.62950261585139,"Series([], Name: pct_sum, dtype: float64)",中国太保,保险
000627.SZ,30.12477487700294,"Series([], Name: pct_sum, dtype: float64)",天茂集团,保险
600604.SH,104.84549991647442,"Series([], Name: pct_sum, dtype: float64)",市北高新,园区开发
600895.SH,58.72004015462845,"Series([], Name: pct_sum, dtype: float64)",张江高科,园区开发
600064.SH,56.78784241829399,"Series([], Name: pct_sum, dtype: float64)",南京高科,园区开发
600736.SH,49.87748881128207,"Series([], Name: pct_sum, dtype: float64)",苏州高新,园区开发
600639.SH,46.8965810836368,"Series([], Name: pct_sum, dtype: float64)",浦东金桥,园区开发
600463.SH,45.683190756738746,"Series([], Name: pct_sum, dtype: float64)",空港股份,园区开发
600848.SH,44.10226764344749,"Series([], Name: pct_sum, dtype: float64)",上海临港,园区开发
600663.SH,40.95291847003367,"Series([], Name: pct_sum, dtype: float64)",陆家嘴,园区开发
600648.SH,32.85921164553148,"Series([], Name: pct_sum, dtype: float64)",外高桥,园区开发
600215.SH,32.4575001347401,"Series([], Name: pct_sum, dtype: float64)",长春经开,园区开发
002149.SZ,68.72410677815712,"Series([], Name: pct_sum, dtype: float64)",西部材料,小金属
600259.SH,62.54578575290759,"Series([], Name: pct_sum, dtype: float64)",广晟有色,小金属
600456.SH,56.43867324298946,"Series([], Name: pct_sum, dtype: float64)",宝钛股份,小金属
002428.SZ,55.09347770761855,"Series([], Name: pct_sum, dtype: float64)",云南锗业,小金属
000831.SZ,54.792750343234026,"Series([], Name: pct_sum, dtype: float64)",五矿稀土,小金属
002378.SZ,49.901923971093986,"Series([], Name: pct_sum, dtype: float64)",章源钨业,小金属
300034.SZ,47.64200873267706,"Series([], Name: pct_sum, dtype: float64)",钢研高纳,小金属
002167.SZ,47.514228245562634,"Series([], Name: pct_sum, dtype: float64)",东方锆业,小金属
002182.SZ,44.76663462917053,"Series([], Name: pct_sum, dtype: float64)",云海金属,小金属
600392.SH,42.5895460011559,"Series([], Name: pct_sum, dtype: float64)",盛和资源,小金属
601212.SH,65.81886287089893,"Series([], Name: pct_sum, dtype: float64)",白银有色,铜
600255.SH,53.91328800006393,"Series([], Name: pct_sum, dtype: float64)",梦舟股份,铜
002171.SZ,42.55005918113118,"Series([], Name: pct_sum, dtype: float64)",楚江新材,铜
600490.SH,39.772553806617246,"Series([], Name: pct_sum, dtype: float64)",鹏欣资源,铜
000630.SZ,39.555393187476454,"Series([], Name: pct_sum, dtype: float64)",铜陵有色,铜
601137.SH,36.45739171616524,"Series([], Name: pct_sum, dtype: float64)",博威合金,铜
000878.SZ,36.074620356863456,"Series([], Name: pct_sum, dtype: float64)",云南铜业,铜
002295.SZ,29.10451778937327,"Series([], Name: pct_sum, dtype: float64)",精艺股份,铜
603527.SH,26.898276394504023,"Series([], Name: pct_sum, dtype: float64)",众源新材,铜
600362.SH,26.573699220690738,"Series([], Name: pct_sum, dtype: float64)",江西铜业,铜
000655.SZ,52.16409953553786,"Series([], Name: pct_sum, dtype: float64)",*ST金岭,普钢
600532.SH,44.276027630220554,"Series([], Name: pct_sum, dtype: float64)",宏达矿业,普钢
600581.SH,42.68069508203901,"Series([], Name: pct_sum, dtype: float64)",八一钢铁,普钢
600010.SH,35.46819490503358,"Series([], Name: pct_sum, dtype: float64)",包钢股份,普钢
002110.SZ,34.74691870525464,"Series([], Name: pct_sum, dtype: float64)",三钢闽光,普钢
000717.SZ,33.82887506487519,"Series([], Name: pct_sum, dtype: float64)",韶钢松山,普钢
000932.SZ,33.55772318453401,"Series([], Name: pct_sum, dtype: float64)",华菱钢铁,普钢
601969.SH,31.650079261080645,"Series([], Name: pct_sum, dtype: float64)",海南矿业,普钢
600022.SH,31.403785236874576,"Series([], Name: pct_sum, dtype: float64)",山东钢铁,普钢
000761.SZ,31.039488015933703,"Series([], Name: pct_sum, dtype: float64)",本钢板材,普钢
300307.SZ,49.34830943836555,"Series([], Name: pct_sum, dtype: float64)",慈星股份,纺织机械
600302.SH,45.62537722481128,"Series([], Name: pct_sum, dtype: float64)",标准股份,纺织机械
000666.SZ,39.96226519403545,"Series([], Name: pct_sum, dtype: float64)",经纬纺机,纺织机械
300384.SZ,38.7312431767447,"Series([], Name: pct_sum, dtype: float64)",三联虹普,纺织机械
600843.SH,35.35856394854111,"Series([], Name: pct_sum, dtype: float64)",上工申贝,纺织机械
002021.SZ,33.347526183549775,"Series([], Name: pct_sum, dtype: float64)",中捷资源,纺织机械
603337.SH,31.44537946266535,"Series([], Name: pct_sum, dtype: float64)",杰克股份,纺织机械
002722.SZ,31.192437258208855,"Series([], Name: pct_sum, dtype: float64)",金轮股份,纺织机械
002196.SZ,23.91230489911022,"Series([], Name: pct_sum, dtype: float64)",方正电机,纺织机械
603933.SH,19.341827394629874,"Series([], Name: pct_sum, dtype: float64)",睿能科技,纺织机械
600862.SH,59.19560385701717,"Series([], Name: pct_sum, dtype: float64)",中航高科,航空
000901.SZ,58.376425894886694,"Series([], Name: pct_sum, dtype: float64)",航天科技,航空
300424.SZ,56.238393319778254,"Series([], Name: pct_sum, dtype: float64)",航新科技,航空
600391.SH,54.873075299251134,"Series([], Name: pct_sum, dtype: float64)",航发科技,航空
600316.SH,52.643653080051585,"Series([], Name: pct_sum, dtype: float64)",洪都航空,航空
600118.SH,41.93569181179686,"Series([], Name: pct_sum, dtype: float64)",中国卫星,航空
002933.SZ,41.75846465116804,"Series([], Name: pct_sum, dtype: float64)",新兴装备,航空
600343.SH,37.952476418456456,"Series([], Name: pct_sum, dtype: float64)",航天动力,航空
300581.SZ,35.469222796240594,"Series([], Name: pct_sum, dtype: float64)",晨曦航空,航空
002111.SZ,33.5288359587542,"Series([], Name: pct_sum, dtype: float64)",威海广泰,航空
600399.SH,60.39838589088413,"Series([], Name: pct_sum, dtype: float64)",*ST抚钢,特种钢
002075.SZ,51.59905109981463,"Series([], Name: pct_sum, dtype: float64)",沙钢股份,特种钢
002423.SZ,47.534125076717395,"Series([], Name: pct_sum, dtype: float64)",中原特钢,特种钢
600507.SH,46.73980398228946,"Series([], Name: pct_sum, dtype: float64)",方大特钢,特种钢
002756.SZ,38.21348247342688,"Series([], Name: pct_sum, dtype: float64)",永兴特钢,特种钢
000708.SZ,35.16693471222786,"Series([], Name: pct_sum, dtype: float64)",大冶特钢,特种钢
600117.SH,32.51590556621525,"Series([], Name: pct_sum, dtype: float64)",西宁特钢,特种钢
002318.SZ,29.78192285135465,"Series([], Name: pct_sum, dtype: float64)",久立特材,特种钢
000825.SZ,27.45264532145891,"Series([], Name: pct_sum, dtype: float64)",太钢不锈,特种钢
300189.SZ,67.64708272297244,"Series([], Name: pct_sum, dtype: float64)",神农基因,种植业
300511.SZ,40.42413644500409,"Series([], Name: pct_sum, dtype: float64)",雪榕生物,种植业
600540.SH,40.356401865722525,"Series([], Name: pct_sum, dtype: float64)",新赛股份,种植业
600313.SH,34.79330039923089,"Series([], Name: pct_sum, dtype: float64)",农发种业,种植业
600354.SH,33.6405739685528,"Series([], Name: pct_sum, dtype: float64)",敦煌种业,种植业
000713.SZ,31.790384976911568,"Series([], Name: pct_sum, dtype: float64)",丰乐种业,种植业
600371.SH,29.821804921066832,"Series([], Name: pct_sum, dtype: float64)",万向德农,种植业
600506.SH,27.20263480976903,"Series([], Name: pct_sum, dtype: float64)",香梨股份,种植业
002041.SZ,26.414104617562288,"Series([], Name: pct_sum, dtype: float64)",登海种业,种植业
002772.SZ,23.170789458925054,"Series([], Name: pct_sum, dtype: float64)",众兴菌业,种植业
300654.SZ,82.6067577793313,"Series([], Name: pct_sum, dtype: float64)",世纪天鸿,出版业
002181.SZ,77.54796050171326,"Series([], Name: pct_sum, dtype: float64)",粤传媒,出版业
000793.SZ,64.32226303493496,"Series([], Name: pct_sum, dtype: float64)",华闻传媒,出版业
601811.SH,60.85201715321244,"Series([], Name: pct_sum, dtype: float64)",新华文轩,出版业
600825.SH,53.07959600280765,"Series([], Name: pct_sum, dtype: float64)",新华传媒,出版业
601949.SH,41.988769608432754,"Series([], Name: pct_sum, dtype: float64)",中国出版,出版业
603999.SH,37.4217651466465,"Series([], Name: pct_sum, dtype: float64)",读者传媒,出版业
601999.SH,35.96587109174793,"Series([], Name: pct_sum, dtype: float64)",出版传媒,出版业
601858.SH,35.32358709203346,"Series([], Name: pct_sum, dtype: float64)",中国科传,出版业
300364.SZ,31.983097677549416,"Series([], Name: pct_sum, dtype: float64)",中文在线,出版业
000723.SZ,108.15243196512196,"Series([], Name: pct_sum, dtype: float64)",美锦能源,焦炭加工
600408.SH,53.86206891363349,"Series([], Name: pct_sum, dtype: float64)",ST安泰,焦炭加工
600792.SH,44.76414986958549,"Series([], Name: pct_sum, dtype: float64)",云煤能源,焦炭加工
600725.SH,25.931436915532718,"Series([], Name: pct_sum, dtype: float64)",ST云维,焦炭加工
600740.SH,25.229233801762373,"Series([], Name: pct_sum, dtype: float64)",山西焦化,焦炭加工
601011.SH,23.46009422155742,"Series([], Name: pct_sum, dtype: float64)",宝泰隆,焦炭加工
601015.SH,21.946607523042434,"Series([], Name: pct_sum, dtype: float64)",陕西黑猫,焦炭加工
002461.SZ,41.858860827893324,"Series([], Name: pct_sum, dtype: float64)",珠江啤酒,啤酒
600573.SH,31.40479381578077,"Series([], Name: pct_sum, dtype: float64)",惠泉啤酒,啤酒
000929.SZ,29.73085465137033,"Series([], Name: pct_sum, dtype: float64)",兰州黄河,啤酒
000752.SZ,27.160652225315104,"Series([], Name: pct_sum, dtype: float64)",西藏发展,啤酒
600600.SH,20.162961021704056,"Series([], Name: pct_sum, dtype: float64)",青岛啤酒,啤酒
000729.SZ,20.1269109555952,"Series([], Name: pct_sum, dtype: float64)",燕京啤酒,啤酒
600132.SH,18.544997037574653,"Series([], Name: pct_sum, dtype: float64)",重庆啤酒,啤酒
603032.SH,49.715913545936786,"Series([], Name: pct_sum, dtype: float64)",德新交运,公路
000885.SZ,28.79548690194691,"Series([], Name: pct_sum, dtype: float64)",城发环境,公路
002682.SZ,28.159374949611372,"Series([], Name: pct_sum, dtype: float64)",龙洲股份,公路
603069.SH,25.02492211695632,"Series([], Name: pct_sum, dtype: float64)",海汽集团,公路
603860.SH,24.346232390810783,"Series([], Name: pct_sum, dtype: float64)",中公高科,公路
002357.SZ,21.498636175239962,"Series([], Name: pct_sum, dtype: float64)",富临运业,公路
000755.SZ,17.211414981988995,"Series([], Name: pct_sum, dtype: float64)",山西路桥,公路
601010.SH,50.78482311935977,"Series([], Name: pct_sum, dtype: float64)",文峰股份,超市连锁
600361.SH,34.593344690424,"Series([], Name: pct_sum, dtype: float64)",华联综超,超市连锁
002251.SZ,29.61425683368293,"Series([], Name: pct_sum, dtype: float64)",步步高,超市连锁
000759.SZ,28.38265340360862,"Series([], Name: pct_sum, dtype: float64)",中百集团,超市连锁
601116.SH,26.433946480461174,"Series([], Name: pct_sum, dtype: float64)",三江购物,超市连锁
002336.SZ,23.06993037783971,"Series([], Name: pct_sum, dtype: float64)",人人乐,超市连锁
600827.SH,21.8071849850581,"Series([], Name: pct_sum, dtype: float64)",百联股份,超市连锁
002264.SZ,20.908155950431812,"Series([], Name: pct_sum, dtype: float64)",新华都,超市连锁
603708.SH,20.173802799249692,"Series([], Name: pct_sum, dtype: float64)",家家悦,超市连锁
601933.SH,14.532435062503094,"Series([], Name: pct_sum, dtype: float64)",永辉超市,超市连锁
300345.SZ,47.91158564523561,"Series([], Name: pct_sum, dtype: float64)",红宇新材,钢加工
603300.SH,47.27210733218537,"Series([], Name: pct_sum, dtype: float64)",华铁科技,钢加工
000969.SZ,47.02425481110456,"Series([], Name: pct_sum, dtype: float64)",安泰科技,钢加工
000890.SZ,46.91707697307254,"Series([], Name: pct_sum, dtype: float64)",法尔胜,钢加工
002443.SZ,46.88628447847761,"Series([], Name: pct_sum, dtype: float64)",金洲管道,钢加工
002487.SZ,41.97842550224668,"Series([], Name: pct_sum, dtype: float64)",大金重工,钢加工
600558.SH,39.81757899152143,"Series([], Name: pct_sum, dtype: float64)",大西洋,钢加工
600992.SH,38.08588658767706,"Series([], Name: pct_sum, dtype: float64)",贵绳股份,钢加工
002843.SZ,37.83248808004701,"Series([], Name: pct_sum, dtype: float64)",泰嘉股份,钢加工
603577.SH,36.50497956636077,"Series([], Name: pct_sum, dtype: float64)",汇金通,钢加工
002069.SZ,56.48661421206435,"Series([], Name: pct_sum, dtype: float64)",獐子岛,渔业
600257.SH,40.60768990252066,"Series([], Name: pct_sum, dtype: float64)",大湖股份,渔业
300094.SZ,36.46341201574903,"Series([], Name: pct_sum, dtype: float64)",国联水产,渔业
000798.SZ,33.16808804324239,"Series([], Name: pct_sum, dtype: float64)",中水渔业,渔业
600467.SH,32.27703550712072,"Series([], Name: pct_sum, dtype: float64)",好当家,渔业
600097.SH,26.994089285371548,"Series([], Name: pct_sum, dtype: float64)",开创国际,渔业
002086.SZ,25.807841395219178,"Series([], Name: pct_sum, dtype: float64)",ST东海洋,渔业
002696.SZ,10.475991126387235,"Series([], Name: pct_sum, dtype: float64)",百洋股份,渔业
600218.SH,126.12286794120938,"Series([], Name: pct_sum, dtype: float64)",全柴动力,农用机械
000816.SZ,54.97270581112558,"Series([], Name: pct_sum, dtype: float64)",*ST慧业,农用机械
002532.SZ,40.885119872232906,"Series([], Name: pct_sum, dtype: float64)",新界泵业,农用机械
300159.SZ,40.462623117279946,"Series([], Name: pct_sum, dtype: float64)",新研股份,农用机械
300022.SZ,31.987813677886898,"Series([], Name: pct_sum, dtype: float64)",吉峰科技,农用机械
601038.SH,22.552460410781272,"Series([], Name: pct_sum, dtype: float64)",一拖股份,农用机械
002779.SZ,21.834604980437877,"Series([], Name: pct_sum, dtype: float64)",中坚科技,农用机械
603029.SH,20.30295971027582,"Series([], Name: pct_sum, dtype: float64)",天鹅股份,农用机械
002890.SZ,19.83843052958746,"Series([], Name: pct_sum, dtype: float64)",弘宇股份,农用机械
603789.SH,14.617719486094263,"Series([], Name: pct_sum, dtype: float64)",星光农机,农用机械
603711.SH,51.098998063847645,"Series([], Name: pct_sum, dtype: float64)",香飘飘,软饮料
600962.SH,39.69075014296845,"Series([], Name: pct_sum, dtype: float64)",国投中鲁,软饮料
603156.SH,35.76223880148898,"Series([], Name: pct_sum, dtype: float64)",养元饮品,软饮料
600300.SH,25.08203342732982,"Series([], Name: pct_sum, dtype: float64)",维维股份,软饮料
000848.SZ,16.395168069941846,"Series([], Name: pct_sum, dtype: float64)",承德露露,软饮料
002337.SZ,69.045105468486,"Series([], Name: pct_sum, dtype: float64)",赛象科技,化工机械
002353.SZ,44.76554138927197,"Series([], Name: pct_sum, dtype: float64)",杰瑞股份,化工机械
300228.SZ,44.680947908992955,"Series([], Name: pct_sum, dtype: float64)",富瑞特装,化工机械
002698.SZ,40.52716129554384,"Series([], Name: pct_sum, dtype: float64)",博实股份,化工机械
002430.SZ,32.936520690186214,"Series([], Name: pct_sum, dtype: float64)",杭氧股份,化工机械
600579.SH,31.71538677015038,"Series([], Name: pct_sum, dtype: float64)",天华院,化工机械
000852.SZ,31.60530087190892,"Series([], Name: pct_sum, dtype: float64)",石化机械,化工机械
002564.SZ,29.380648666486945,"Series([], Name: pct_sum, dtype: float64)",天沃科技,化工机械
601798.SH,27.45257412673636,"Series([], Name: pct_sum, dtype: float64)",*ST蓝科,化工机械
002490.SZ,23.869651749044962,"Series([], Name: pct_sum, dtype: float64)",山东墨龙,化工机械
000859.SZ,123.40467728089948,"Series([], Name: pct_sum, dtype: float64)",国风塑业,塑料
300539.SZ,71.48510589405593,"Series([], Name: pct_sum, dtype: float64)",横河模具,塑料
300393.SZ,57.497935383469546,"Series([], Name: pct_sum, dtype: float64)",中来股份,塑料
300198.SZ,56.97864884150047,"Series([], Name: pct_sum, dtype: float64)",纳川股份,塑料
300221.SZ,55.27972102292242,"Series([], Name: pct_sum, dtype: float64)",银禧科技,塑料
000973.SZ,54.62201536897825,"Series([], Name: pct_sum, dtype: float64)",佛塑科技,塑料
002243.SZ,53.697225108408816,"Series([], Name: pct_sum, dtype: float64)",通产丽星,塑料
600589.SH,52.69556396164648,"Series([], Name: pct_sum, dtype: float64)",广东榕泰,塑料
002420.SZ,50.87026539987858,"Series([], Name: pct_sum, dtype: float64)",毅昌股份,塑料
300325.SZ,44.06072184326395,"Series([], Name: pct_sum, dtype: float64)",德威新材,塑料
600238.SH,74.9953656474979,"Series([], Name: pct_sum, dtype: float64)",*ST椰岛,红黄药酒
002568.SZ,52.37495090000482,"Series([], Name: pct_sum, dtype: float64)",百润股份,红黄药酒
600084.SH,38.31585742205409,"Series([], Name: pct_sum, dtype: float64)",中葡股份,红黄药酒
600616.SH,33.46506844010598,"Series([], Name: pct_sum, dtype: float64)",金枫酒业,红黄药酒
600365.SH,32.02813808606336,"Series([], Name: pct_sum, dtype: float64)",通葡股份,红黄药酒
600543.SH,31.52273217941935,"Series([], Name: pct_sum, dtype: float64)",莫高股份,红黄药酒
600059.SH,22.57147433303409,"Series([], Name: pct_sum, dtype: float64)",古越龙山,红黄药酒
000869.SZ,22.346005205142315,"Series([], Name: pct_sum, dtype: float64)",张裕A,红黄药酒
603779.SH,14.37776001891713,"Series([], Name: pct_sum, dtype: float64)",威龙股份,红黄药酒
601579.SH,13.691107401206601,"Series([], Name: pct_sum, dtype: float64)",会稽山,红黄药酒
300587.SZ,59.685091894018605,"Series([], Name: pct_sum, dtype: float64)",天铁股份,橡胶
300547.SZ,55.873737758698056,"Series([], Name: pct_sum, dtype: float64)",川环科技,橡胶
002381.SZ,46.24394166696901,"Series([], Name: pct_sum, dtype: float64)",双箭股份,橡胶
300320.SZ,37.57582686171779,"Series([], Name: pct_sum, dtype: float64)",海达股份,橡胶
002224.SZ,36.582420849117824,"Series([], Name: pct_sum, dtype: float64)",三力士,橡胶
300731.SZ,31.80289748386188,"Series([], Name: pct_sum, dtype: float64)",科创新源,橡胶
000887.SZ,31.739885900217278,"Series([], Name: pct_sum, dtype: float64)",中鼎股份,橡胶
603033.SH,28.500670940970515,"Series([], Name: pct_sum, dtype: float64)",三维股份,橡胶
601118.SH,27.317786097116596,"Series([], Name: pct_sum, dtype: float64)",海南橡胶,橡胶
002211.SZ,24.523046054811132,"Series([], Name: pct_sum, dtype: float64)",宏达新材,橡胶
300749.SZ,63.66504132248461,"Series([], Name: pct_sum, dtype: float64)",顶固集创,家居用品
002798.SZ,61.03394946607011,"Series([], Name: pct_sum, dtype: float64)",帝欧家居,家居用品
603801.SH,49.874962898406295,"Series([], Name: pct_sum, dtype: float64)",志邦家居,家居用品
603180.SH,49.690026257441616,"Series([], Name: pct_sum, dtype: float64)",金牌厨柜,家居用品
603600.SH,45.90849993830962,"Series([], Name: pct_sum, dtype: float64)",永艺股份,家居用品
603833.SH,45.47000013598361,"Series([], Name: pct_sum, dtype: float64)",欧派家居,家居用品
002489.SZ,43.34354509480967,"Series([], Name: pct_sum, dtype: float64)",浙江永强,家居用品
002751.SZ,43.29713824799639,"Series([], Name: pct_sum, dtype: float64)",易尚展示,家居用品
002572.SZ,42.953087844874275,"Series([], Name: pct_sum, dtype: float64)",索菲亚,家居用品
300616.SZ,42.840081740531446,"Series([], Name: pct_sum, dtype: float64)",尚品宅配,家居用品
603129.SH,47.1954675707086,"Series([], Name: pct_sum, dtype: float64)",春风动力,摩托车
001696.SZ,42.85159706303863,"Series([], Name: pct_sum, dtype: float64)",宗申动力,摩托车
601777.SH,36.97656449124246,"Series([], Name: pct_sum, dtype: float64)",力帆股份,摩托车
000913.SZ,31.608095225639218,"Series([], Name: pct_sum, dtype: float64)",钱江摩托,摩托车
600099.SH,30.125974252387383,"Series([], Name: pct_sum, dtype: float64)",林海股份,摩托车
603766.SH,26.66814064442337,"Series([], Name: pct_sum, dtype: float64)",隆鑫通用,摩托车
603787.SH,26.292838865993986,"Series([], Name: pct_sum, dtype: float64)",新日股份,摩托车
600877.SH,21.66359527763582,"Series([], Name: pct_sum, dtype: float64)",*ST嘉陵,摩托车
300370.SZ,103.96795006968465,"Series([], Name: pct_sum, dtype: float64)",安控科技,电器仪表
002175.SZ,100.02483576210162,"Series([], Name: pct_sum, dtype: float64)",东方网络,电器仪表
002870.SZ,81.53702158474675,"Series([], Name: pct_sum, dtype: float64)",香山股份,电器仪表
600651.SH,81.04748641750227,"Series([], Name: pct_sum, dtype: float64)",飞乐音响,电器仪表
300572.SZ,65.00277181951178,"Series([], Name: pct_sum, dtype: float64)",安车检测,电器仪表
002518.SZ,63.37456963084334,"Series([], Name: pct_sum, dtype: float64)",科士达,电器仪表
002121.SZ,61.61462403805875,"Series([], Name: pct_sum, dtype: float64)",科陆电子,电器仪表
300259.SZ,54.33490289653574,"Series([], Name: pct_sum, dtype: float64)",新天科技,电器仪表
300360.SZ,53.53068115903483,"Series([], Name: pct_sum, dtype: float64)",炬华科技,电器仪表
002236.SZ,51.65955154668428,"Series([], Name: pct_sum, dtype: float64)",大华股份,电器仪表
600146.SH,71.21786099779703,"Series([], Name: pct_sum, dtype: float64)",商赢环球,服饰
002875.SZ,63.89248984265494,"Series([], Name: pct_sum, dtype: float64)",安奈儿,服饰
002699.SZ,59.121846473576184,"Series([], Name: pct_sum, dtype: float64)",美盛文化,服饰
600086.SH,53.84082742420035,"Series([], Name: pct_sum, dtype: float64)",东方金钰,服饰
300005.SZ,50.16898083435443,"Series([], Name: pct_sum, dtype: float64)",探路者,服饰
002776.SZ,46.89208914258773,"Series([], Name: pct_sum, dtype: float64)",柏堡龙,服饰
601718.SH,45.48930669829761,"Series([], Name: pct_sum, dtype: float64)",际华集团,服饰
600107.SH,44.5464842887468,"Series([], Name: pct_sum, dtype: float64)",美尔雅,服饰
603557.SH,43.6747844676611,"Series([], Name: pct_sum, dtype: float64)",起步股份,服饰
002503.SZ,43.47175743859795,"Series([], Name: pct_sum, dtype: float64)",搜于特,服饰
300013.SZ,68.90666240181616,"Series([], Name: pct_sum, dtype: float64)",新宁物流,仓储物流
600093.SH,68.29049899529453,"Series([], Name: pct_sum, dtype: float64)",易见股份,仓储物流
600180.SH,46.26147511552769,"Series([], Name: pct_sum, dtype: float64)",瑞茂通,仓储物流
002468.SZ,44.64456795503447,"Series([], Name: pct_sum, dtype: float64)",申通快递,仓储物流
603871.SH,42.81523363138325,"Series([], Name: pct_sum, dtype: float64)",嘉友国际,仓储物流
002010.SZ,42.030020669680304,"Series([], Name: pct_sum, dtype: float64)",传化智联,仓储物流
603128.SH,40.94785678908625,"Series([], Name: pct_sum, dtype: float64)",华贸物流,仓储物流
601598.SH,39.91802997531541,"Series([], Name: pct_sum, dtype: float64)",中国外运,仓储物流
603569.SH,39.535891513782005,"Series([], Name: pct_sum, dtype: float64)",长久物流,仓储物流
603713.SH,39.286713756566684,"Series([], Name: pct_sum, dtype: float64)",密尔克卫,仓储物流
002024.SZ,25.030951230516227,"Series([], Name: pct_sum, dtype: float64)",苏宁易购,电器连锁
002416.SZ,19.08533265226129,"Series([], Name: pct_sum, dtype: float64)",爱施德,电器连锁
600460.SH,86.91516530140903,"Series([], Name: pct_sum, dtype: float64)",士兰微,半导体
600584.SH,71.5351353983387,"Series([], Name: pct_sum, dtype: float64)",长电科技,半导体
603986.SH,67.58192089577605,"Series([], Name: pct_sum, dtype: float64)",兆易创新,半导体
300118.SZ,66.96060152635113,"Series([], Name: pct_sum, dtype: float64)",东方日升,半导体
603501.SH,66.0767313390431,"Series([], Name: pct_sum, dtype: float64)",韦尔股份,半导体
300582.SZ,60.64299430747618,"Series([], Name: pct_sum, dtype: float64)",英飞特,半导体
300236.SZ,60.29610259430006,"Series([], Name: pct_sum, dtype: float64)",上海新阳,半导体
300223.SZ,58.962849561921836,"Series([], Name: pct_sum, dtype: float64)",北京君正,半导体
002079.SZ,58.46998438637744,"Series([], Name: pct_sum, dtype: float64)",苏州固锝,半导体
300241.SZ,55.15509000216051,"Series([], Name: pct_sum, dtype: float64)",瑞丰光电,半导体
300017.SZ,78.50573206478647,"Series([], Name: pct_sum, dtype: float64)",网宿科技,电信运营
603881.SH,60.60022045237849,"Series([], Name: pct_sum, dtype: float64)",数据港,电信运营
600804.SH,58.4165349135392,"Series([], Name: pct_sum, dtype: float64)",鹏博士,电信运营
300383.SZ,47.083507495337024,"Series([], Name: pct_sum, dtype: float64)",光环新网,电信运营
600050.SH,39.18154712805996,"Series([], Name: pct_sum, dtype: float64)",中国联通,电信运营
002093.SZ,37.47783135347893,"Series([], Name: pct_sum, dtype: float64)",国脉科技,电信运营
002467.SZ,36.76569543213072,"Series([], Name: pct_sum, dtype: float64)",二六三,电信运营
300738.SZ,26.611136030488602,"Series([], Name: pct_sum, dtype: float64)",奥飞数据,电信运营
600766.SH,41.98044566077778,"Series([], Name: pct_sum, dtype: float64)",园城黄金,黄金
600687.SH,33.276671907773576,"Series([], Name: pct_sum, dtype: float64)",刚泰控股,黄金
002237.SZ,24.96314657280284,"Series([], Name: pct_sum, dtype: float64)",恒邦股份,黄金
601899.SH,23.238931733403568,"Series([], Name: pct_sum, dtype: float64)",紫金矿业,黄金
600988.SH,21.09452419312857,"Series([], Name: pct_sum, dtype: float64)",赤峰黄金,黄金
600311.SH,20.48619654624474,"Series([], Name: pct_sum, dtype: float64)",荣华实业,黄金
600385.SH,16.96541533852513,"Series([], Name: pct_sum, dtype: float64)",山东金泰,黄金
601069.SH,14.447707862044112,"Series([], Name: pct_sum, dtype: float64)",西部黄金,黄金
002155.SZ,11.703114709736685,"Series([], Name: pct_sum, dtype: float64)",湖南黄金,黄金
600547.SH,11.569624171899807,"Series([], Name: pct_sum, dtype: float64)",山东黄金,黄金
600759.SH,44.963645822691866,"Series([], Name: pct_sum, dtype: float64)",洲际油气,石油开采
002554.SZ,43.85847728614049,"Series([], Name: pct_sum, dtype: float64)",惠博普,石油开采
300157.SZ,39.835822415810284,"Series([], Name: pct_sum, dtype: float64)",恒泰艾普,石油开采
300084.SZ,37.86608658685609,"Series([], Name: pct_sum, dtype: float64)",海默科技,石油开采
002207.SZ,37.722541148223655,"Series([], Name: pct_sum, dtype: float64)",ST准油,石油开采
600871.SH,37.01324018010085,"Series([], Name: pct_sum, dtype: float64)",*ST油服,石油开采
600583.SH,28.75111677117054,"Series([], Name: pct_sum, dtype: float64)",海油工程,石油开采
603619.SH,24.720570484962476,"Series([], Name: pct_sum, dtype: float64)",中曼石油,石油开采
300164.SZ,24.256537463595663,"Series([], Name: pct_sum, dtype: float64)",通源石油,石油开采
300191.SZ,23.32390570148928,"Series([], Name: pct_sum, dtype: float64)",潜能恒信,石油开采
002946.SZ,117.30498271894145,"Series([], Name: pct_sum, dtype: float64)",新乳业,乳制品
002770.SZ,39.29296284440351,"Series([], Name: pct_sum, dtype: float64)",科迪乳业,乳制品
002329.SZ,35.90692485728467,"Series([], Name: pct_sum, dtype: float64)",皇氏集团,乳制品
002570.SZ,35.420746955790804,"Series([], Name: pct_sum, dtype: float64)",*ST因美,乳制品
600419.SH,31.18687882630306,"Series([], Name: pct_sum, dtype: float64)",天润乳业,乳制品
002719.SZ,28.893493014043283,"Series([], Name: pct_sum, dtype: float64)",麦趣尔,乳制品
002910.SZ,24.848411094669856,"Series([], Name: pct_sum, dtype: float64)",庄园牧场,乳制品
600887.SH,24.743451028516525,"Series([], Name: pct_sum, dtype: float64)",伊利股份,乳制品
600597.SH,24.730280533006418,"Series([], Name: pct_sum, dtype: float64)",光明乳业,乳制品
600882.SH,23.462076503447125,"Series([], Name: pct_sum, dtype: float64)",妙可蓝多,乳制品
600415.SH,35.72101493715835,"Series([], Name: pct_sum, dtype: float64)",小商品城,商品城
002344.SZ,25.70168898097812,"Series([], Name: pct_sum, dtype: float64)",海宁皮城,商品城
600790.SH,17.403644125789448,"Series([], Name: pct_sum, dtype: float64)",轻纺城,商品城
600386.SH,51.89483042355199,"Series([], Name: pct_sum, dtype: float64)",北巴传媒,公共交通
603776.SH,37.277438027617414,"Series([], Name: pct_sum, dtype: float64)",永安行,公共交通
600662.SH,34.50045205290593,"Series([], Name: pct_sum, dtype: float64)",强生控股,公共交通
600650.SH,32.67248443661296,"Series([], Name: pct_sum, dtype: float64)",锦江投资,公共交通
600676.SH,29.843845899413996,"Series([], Name: pct_sum, dtype: float64)",交运股份,公共交通
600611.SH,27.402036419959888,"Series([], Name: pct_sum, dtype: float64)",大众交通,公共交通
600561.SH,25.639018773897153,"Series([], Name: pct_sum, dtype: float64)",江西长运,公共交通
600834.SH,23.723346928533665,"Series([], Name: pct_sum, dtype: float64)",申通地铁,公共交通
002627.SZ,23.515125510827115,"Series([], Name: pct_sum, dtype: float64)",宜昌交运,公共交通
600072.SH,85.20955249950046,"Series([], Name: pct_sum, dtype: float64)",中船科技,船舶
601890.SH,82.66376630397635,"Series([], Name: pct_sum, dtype: float64)",亚星锚链,船舶
300008.SZ,72.60573437766436,"Series([], Name: pct_sum, dtype: float64)",天海防务,船舶
600685.SH,70.98123259339273,"Series([], Name: pct_sum, dtype: float64)",中船防务,船舶
300123.SZ,45.70506545323751,"Series([], Name: pct_sum, dtype: float64)",亚光科技,船舶
600150.SH,45.57830850753333,"Series([], Name: pct_sum, dtype: float64)",中国船舶,船舶
601989.SH,32.62771635784406,"Series([], Name: pct_sum, dtype: float64)",中国重工,船舶
300589.SZ,29.5365819672675,"Series([], Name: pct_sum, dtype: float64)",江龙船艇,船舶
300409.SZ,56.01897044980778,"Series([], Name: pct_sum, dtype: float64)",道氏技术,陶瓷
300234.SZ,48.992234679447655,"Series([], Name: pct_sum, dtype: float64)",开尔新材,陶瓷
300285.SZ,34.12202073408301,"Series([], Name: pct_sum, dtype: float64)",国瓷材料,陶瓷
300089.SZ,32.87346443517769,"Series([], Name: pct_sum, dtype: float64)",文化长城,陶瓷
603268.SH,27.44908379056769,"Series([], Name: pct_sum, dtype: float64)",松发股份,陶瓷
603838.SH,10.827052545587431,"Series([], Name: pct_sum, dtype: float64)",四通股份,陶瓷
600145.SH,,"Series([], Name: pct_sum, dtype: object)",*ST新亿,陶瓷
